[
  {
    "info": "Set a default character name that will be used instead of a random name on character creation.",
    "default": "Default: ",
    "name": "DEF_CHAR_NAME",
    "value": "Fusco"
  },
  {
    "info": "Enable item auto pickup. Change pickup rules with the Auto Pickup Manager in the Help Menu ?3",
    "default": "Default: False",
    "name": "AUTO_PICKUP",
    "value": "true"
  },
  {
    "info": "If true, will enable to pickup items one tile around to the player. You can assign No Auto Pickup zones with the Zones Manager 'Y' key for eg. your homebase.",
    "default": "Default: False",
    "name": "AUTO_PICKUP_ADJACENT",
    "value": "true"
  },
  {
    "info": "Auto pickup items with 0 Volume, and weight less than or equal to [option] * 50 grams. '0' disables this option",
    "default": "Default: 0 - Min: 0, Max: 20",
    "name": "AUTO_PICKUP_ZERO",
    "value": "0"
  },
  {
    "info": "Auto pickup is disabled as long as you can see monsters nearby. This is affected by 'Safe Mode proximity distance'.",
    "default": "Default: False",
    "name": "AUTO_PICKUP_SAFEMODE",
    "value": "false"
  },
  {
    "info": "If false, will cause player to drop new items that cause them to exceed the weight limit.",
    "default": "Default: False",
    "name": "DANGEROUS_PICKUPS",
    "value": "true"
  },
  {
    "info": "If true, turns safemode automatically back on after it being disabled beforehand. See option 'Turns to re-enable safe mode'",
    "default": "Default: False",
    "name": "AUTOSAFEMODE",
    "value": "false"
  },
  {
    "info": "Number of turns after safe mode is re-enabled if no hostiles are in 'Safe Mode proximity distance'.",
    "default": "Default: 50 - Min: 1, Max: 100",
    "name": "AUTOSAFEMODETURNS",
    "value": "50"
  },
  {
    "info": "If true, will hold the game and display a warning if a hostile monster/npc is approaching.",
    "default": "Default: True",
    "name": "SAFEMODE",
    "value": "false"
  },
  {
    "info": "If safe mode is enabled, distance to hostiles at which safe mode should show a warning. 0 = Max player viewdistance.",
    "default": "Default: 0 - Min: 0, Max: 60",
    "name": "SAFEMODEPROXIMITY",
    "value": "0"
  },
  {
    "info": "When true, safe mode will alert you of hostiles while you are driving a vehicle.",
    "default": "Default: False",
    "name": "SAFEMODEVEH",
    "value": "false"
  },
  {
    "info": "If enabled, monsters will take periodic gameplay turns. This value is the delay between each turn, in seconds. Works best with Safe Mode disabled. 0 = disabled.",
    "default": "Default: 0.00 - Min: 0.00, Max: 10.00",
    "name": "TURN_DURATION",
    "value": "0.00"
  },
  {
    "info": "If true, game will periodically save the map. Autosaves occur based on in-game turns or real-time minutes, whichever is larger.",
    "default": "Default: False",
    "name": "AUTOSAVE",
    "value": "false"
  },
  {
    "info": "Number of game turns between autosaves",
    "default": "Default: 50 - Min: 10, Max: 1000",
    "name": "AUTOSAVE_TURNS",
    "value": "999"
  },
  {
    "info": "Number of real time minutes between autosaves",
    "default": "Default: 5 - Min: 0, Max: 127",
    "name": "AUTOSAVE_MINUTES",
    "value": "127"
  },
  {
    "info": "If true, the game will calculate range in a realistic way: light sources will be circles, diagonal movement will cover more ground and take longer. If disabled, everything is square: moving to the northwest corner of a building takes as long as moving to the north wall.",
    "default": "Default: False",
    "name": "CIRCLEDIST",
    "value": "true"
  },
  {
    "info": "Set to drop empty containers after use. No: Don't drop any. - Watertight: All except watertight containers. - All: Drop all containers.",
    "default": "Default: no - Values: no, watertight, all",
    "name": "DROP_EMPTY",
    "value": "no"
  },
  {
    "info": "If true, automatically sets notes on places that have stairs that go up or down",
    "default": "Default: True",
    "name": "AUTO_NOTES",
    "value": "false"
  },
  {
    "info": "Always: Always start deathcam. Ask: Query upon death. Never: Never show deathcam.",
    "default": "Default: ask - Values: always, ask, never",
    "name": "DEATHCAM",
    "value": "ask"
  },
  {
    "info": "Switch Language.",
    "default": "Default:  - Values: en, fr, de, it_IT, es_AR, es_ES, ja, ko, pt_BR, pt_PT, ru, zh_CN, zh_TW",
    "name": "USE_LANG",
    "value": "en"
  },
  {
    "info": "Switch between Celsius and Fahrenheit.",
    "default": "Default: fahrenheit - Values: fahrenheit, celsius",
    "name": "USE_CELSIUS",
    "value": "celsius"
  },
  {
    "info": "Switch between km/h and mph.",
    "default": "Default: mph - Values: mph, km/h",
    "name": "USE_METRIC_SPEEDS",
    "value": "km/h"
  },
  {
    "info": "Switch between kg and lbs.",
    "default": "Default: lbs - Values: lbs, kg",
    "name": "USE_METRIC_WEIGHTS",
    "value": "kg"
  },
  {
    "info": "Switch between the Cup (c), Liter (L) or Quart (qt).",
    "default": "Default: l - Values: c, l, qt",
    "name": "VOLUME_UNITS",
    "value": "l"
  },
  {
    "info": "12h: AM/PM, eg: 7:31 AM - Military: 24h Military, eg: 0731 - 24h: Normal 24h, eg: 7:31",
    "default": "Default: 12h - Values: 12h, military, 24h",
    "name": "24_HOUR",
    "value": "military"
  },
  {
    "info": "If true, Y/N prompts are case-sensitive and y and n are not accepted.",
    "default": "Default: True",
    "name": "FORCE_CAPITAL_YN",
    "value": "false"
  },
  {
    "info": "If true, automatically follow the crosshair when firing/throwing.",
    "default": "Default: False",
    "name": "SNAP_TO_TARGET",
    "value": "true"
  },
  {
    "info": "If true, game will ask to save the map before sleeping.",
    "default": "Default: False",
    "name": "SAVE_SLEEP",
    "value": "false"
  },
  {
    "info": "If true, will query before disassembling items.",
    "default": "Default: True",
    "name": "QUERY_DISASSEMBLE",
    "value": "false"
  },
  {
    "info": "If true, will query before removing a keybinding from a hotkey.",
    "default": "Default: True",
    "name": "QUERY_KEYBIND_REMOVAL",
    "value": "false"
  },
  {
    "info": "If true, will close the advanced inventory when the move all items command is used.",
    "default": "Default: False",
    "name": "CLOSE_ADV_INV",
    "value": "false"
  },
  {
    "info": "If true, actions (like \"Read\", \"Smoke\", \"Wrap tighter\") will be displayed next to the corresponding items.",
    "default": "Default: True",
    "name": "INV_USE_ACTION_NAMES",
    "value": "true"
  },
  {
    "info": "If true, vehicle parts will change color if they are armor plated",
    "default": "Default: True",
    "name": "VEHICLE_ARMOR_COLOR",
    "value": "true"
  },
  {
    "info": "If true, view will automatically shift towards the driving direction",
    "default": "Default: True",
    "name": "DRIVING_VIEW_OFFSET",
    "value": "true"
  },
  {
    "info": "If true, when controlling a vehicle, a white 'X' (in curses version) or a crosshair (in tiles version) at distance 10 from the center will display its current facing.",
    "default": "Default: True",
    "name": "VEHICLE_DIR_INDICATOR",
    "value": "true"
  },
  {
    "info": "Switch between sidebar on the left or on the right side. Requires restart.",
    "default": "Default: right - Values: left, right",
    "name": "SIDEBAR_POSITION",
    "value": "right"
  },
  {
    "info": "Switch between a narrower or wider sidebar. Requires restart.",
    "default": "Default: narrow - Values: wider, narrow",
    "name": "SIDEBAR_STYLE",
    "value": "narrow"
  },
  {
    "info": "Where new sidebar log messages should show.",
    "default": "Default: new_bottom - Values: new_top, new_bottom",
    "name": "SIDEBAR_LOG_FLOW",
    "value": "new_bottom"
  },
  {
    "info": "Number of turns after which a message will be removed from the sidebar log. '0' disables this option.",
    "default": "Default: 0 - Min: 0, Max: 1000",
    "name": "MESSAGE_TTL",
    "value": "10"
  },
  {
    "info": "How should confidence and steadiness be communicated to the player.",
    "default": "Default: bars - Values: numbers, bars",
    "name": "ACCURACY_DISPLAY",
    "value": "bars"
  },
  {
    "info": "Move view by how many squares per keypress.",
    "default": "Default: 1 - Min: 1, Max: 50",
    "name": "MOVE_VIEW_OFFSET",
    "value": "1"
  },
  {
    "info": "If true, menus will start scrolling in the center of the list, and keep the list centered.",
    "default": "Default: True",
    "name": "MENU_SCROLL",
    "value": "true"
  },
  {
    "info": "Centered or to edge, shift the view toward the selected item if it is outside of your current viewport.",
    "default": "Default: centered - Values: false, centered, edge",
    "name": "SHIFT_LIST_ITEM_VIEW",
    "value": "centered"
  },
  {
    "info": "If false, new inventory items will only get letters assigned if they had one before.",
    "default": "Default: True",
    "name": "AUTO_INV_ASSIGN",
    "value": "false"
  },
  {
    "info": "If true, show item health bars instead of reinforced, scratched etc. text.",
    "default": "Default: True",
    "name": "ITEM_HEALTH_BAR",
    "value": "true"
  },
  {
    "info": "If true, show item symbols in inventory and pick up menu.",
    "default": "Default: False",
    "name": "ITEM_SYMBOLS",
    "value": "false"
  },
  {
    "info": "If true, will display enabled animations.",
    "default": "Default: True",
    "name": "ANIMATIONS",
    "value": "true"
  },
  {
    "info": "If true, will display weather animations.",
    "default": "Default: True",
    "name": "ANIMATION_RAIN",
    "value": "true"
  },
  {
    "info": "If true, will display scrolling combat text animations.",
    "default": "Default: True",
    "name": "ANIMATION_SCT",
    "value": "true"
  },
  {
    "info": "The amount of time to pause between animation frames in ms.",
    "default": "Default: 10 - Min: 0, Max: 100",
    "name": "ANIMATION_DELAY",
    "value": "10"
  },
  {
    "info": "If true, forces the game to redraw at least once per turn.",
    "default": "Default: True",
    "name": "FORCE_REDRAW",
    "value": "true"
  },
  {
    "info": "Determines the scope, which is known in the beginning of the game.",
    "default": "Default: 15 - Min: 3, Max: 20",
    "name": "DISTANCE_INITIAL_VISIBILITY",
    "value": "20"
  },
  {
    "info": "Initial points available to spend on stats on character generation.",
    "default": "Default: 6 - Min: 0, Max: 1000",
    "name": "INITIAL_STAT_POINTS",
    "value": "6"
  },
  {
    "info": "Initial points available to spend on traits on character generation.",
    "default": "Default: 0 - Min: 0, Max: 1000",
    "name": "INITIAL_TRAIT_POINTS",
    "value": "0"
  },
  {
    "info": "Initial points available to spend on skills on character generation.",
    "default": "Default: 2 - Min: 0, Max: 1000",
    "name": "INITIAL_SKILL_POINTS",
    "value": "2"
  },
  {
    "info": "Maximum trait points available for character generation.",
    "default": "Default: 12 - Min: 0, Max: 1000",
    "name": "MAX_TRAIT_POINTS",
    "value": "12"
  },
  {
    "info": "Scales experience gained from practicing skills and reading books. 0.5 is half as fast as default, 2.0 is twice as fast, 0.0 disables skill training except for NPC training.",
    "default": "Default: 1.00 - Min: 0.00, Max: 100.00",
    "name": "SKILL_TRAINING_SPEED",
    "value": "1.00"
  },
  {
    "info": "Set the level of skill rust. Vanilla: Vanilla Cataclysm - Capped: Capped at skill levels 2 - Int: Intelligence dependent - IntCap: Intelligence dependent, capped - Off: None at all.",
    "default": "Default: off - Values: vanilla, capped, int, intcap, off",
    "name": "SKILL_RUST",
    "value": "intcap"
  },
  {
    "info": "If false, vision is limited to current z-level. If true and the world is in z-level mode, the vision will extend beyond current z-level. Currently very bugged!",
    "default": "Default: False",
    "name": "FOV_3D",
    "value": "false"
  },
  {
    "info": "If true, file path names are going to be transcoded from system encoding to UTF-8 when reading and will be transcoded back when writing. Mainly for CJK Windows users.",
    "default": "Default: False",
    "name": "ENCODING_CONV",
    "value": "false"
  },
  {
    "info": "Maximum number of retries in overmap generation due to inability to place mandatory special locations. High numbers and strange world settings will lead to VERY slow generation!",
    "default": "Default: 2 - Min: 1, Max: 20",
    "name": "OVERMAP_GENERATION_TRIES",
    "value": "2"
  },
  {
    "info": "What to do if world settings/mods prevent valid overmaps. Invalid maps are BUGGED and while playable, may cause errors during missions. Unlimited maps will look ugly, but are fully functional.",
    "default": "Default: ask_invalid - Values: allow_invalid, ask_invalid, ask_unlimited",
    "name": "ALLOW_INVALID_OVERMAPS",
    "value": "ask_invalid"
  },
  {
    "info": "Delete the world when the last active character dies.",
    "default": "Default: no - Values: no, yes, query",
    "name": "DELETE_WORLD",
    "value": "no"
  },
  {
    "info": "A number determining how large cities are. 0 disables cities and roads.",
    "default": "Default: 4 - Min: 0, Max: 16",
    "name": "CITY_SIZE",
    "value": "10"
  },
  {
    "info": "A number determining how far apart cities are. Warning, small numbers lead to very slow mapgen.",
    "default": "Default: 4 - Min: 0, Max: 8",
    "name": "CITY_SPACING",
    "value": "5"
  },
  {
    "info": "A scaling factor that determines density of monster spawns.",
    "default": "Default: 1.00 - Min: 0.00, Max: 50.00",
    "name": "SPAWN_DENSITY",
    "value": "1.50"
  },
  {
    "info": "A scaling factor that determines density of item spawns.",
    "default": "Default: 1.00 - Min: 0.01, Max: 10.00",
    "name": "ITEM_SPAWNRATE",
    "value": "0.50"
  },
  {
    "info": "A scaling factor that determines density of dynamic NPC spawns.",
    "default": "Default: 0.10 - Min: 0.00, Max: 100.00",
    "name": "NPC_DENSITY",
    "value": "0.30"
  },
  {
    "info": "A scaling factor that determines the time between monster upgrades. A higher number means slower evolution. Set to 0.00 to turn off monster upgrades.",
    "default": "Default: 4.00 - Min: 0.00, Max: 100.00",
    "name": "MONSTER_UPGRADE_FACTOR",
    "value": "4.00"
  },
  {
    "info": "Determines the movement rate of monsters. A higher value increases monster speed and a lower reduces it.",
    "default": "Default: 100 - Min: 1, Max: 1000",
    "name": "MONSTER_SPEED",
    "value": "100%"
  },
  {
    "info": "Determines how much damage monsters can take. A higher value makes monsters more resilient and a lower makes them more flimsy.",
    "default": "Default: 100 - Min: 1, Max: 1000",
    "name": "MONSTER_RESILIENCE",
    "value": "100%"
  },
  {
    "info": "(WIP feature) Determines terrain, shops, plants, and more.",
    "default": "Default: default - Values: default",
    "name": "DEFAULT_REGION",
    "value": "default"
  },
  {
    "info": "Initial starting time of day on character generation.",
    "default": "Default: 8 - Min: 0, Max: 23",
    "name": "INITIAL_TIME",
    "value": "0"
  },
  {
    "info": "Season the player starts in. Options other than the default delay spawn of the character, so food decay and monster spawns will have advanced.",
    "default": "Default: spring - Values: spring, summer, autumn, winter",
    "name": "INITIAL_SEASON",
    "value": "spring"
  },
  {
    "info": "Season length, in days.",
    "default": "Default: 14 - Min: 14, Max: 127",
    "name": "SEASON_LENGTH",
    "value": "14"
  },
  {
    "info": "Sets the time of construction in percents. '50' is two times faster than default, '200' is two times longer. '0' automatically scales construction time to match the world's season length.",
    "default": "Default: 100 - Min: 0, Max: 1000",
    "name": "CONSTRUCTION_SCALING",
    "value": "100"
  },
  {
    "info": "Keep the initial season for ever.",
    "default": "Default: False",
    "name": "ETERNAL_SEASON",
    "value": "false"
  },
  {
    "info": "Emulation of zombie hordes. Zombie spawn points wander around cities and may go to noise. Must reset world directory after changing for it to take effect.",
    "default": "Default: False",
    "name": "WANDER_SPAWNS",
    "value": "true"
  },
  {
    "info": "Only spawn classic zombies and natural wildlife. Requires a reset of save folder to take effect. This disables certain buildings.",
    "default": "Default: False",
    "name": "CLASSIC_ZOMBIES",
    "value": "false"
  },
  {
    "info": "If true, spawn zombies at shelters. Makes the starting game a lot harder.",
    "default": "Default: False",
    "name": "BLACK_ROAD",
    "value": "false"
  },
  {
    "info": "If true, the game will spawn static NPC at the start of the game, requires world reset.",
    "default": "Default: False",
    "name": "STATIC_NPC",
    "value": "true"
  },
  {
    "info": "If true, the game will randomly spawn NPC during gameplay.",
    "default": "Default: False",
    "name": "RANDOM_NPC",
    "value": "true"
  },
  {
    "info": "If true, radiation causes the player to mutate.",
    "default": "Default: True",
    "name": "RAD_MUTATION",
    "value": "true"
  },
  {
    "info": "If true, experimental z-level maps will be enabled. This feature is not finished yet and turning it on will only slow the game down.",
    "default": "Default: False",
    "name": "ZLEVELS",
    "value": "true"
  },
  {
    "info": "If true, downstairs will be placed directly above upstairs, even if this results in uglier maps.",
    "default": "Default: False",
    "name": "ALIGN_STAIRS",
    "value": "true"
  }
]