[
  {
    "type":"monstergroup",
    "name": "GROUP_DOOMLAB",
    "default": "mon_null",
    "monsters": [
      { "monster": "mon_failed_weapon", "freq": 4, "cost_multiplier": 80 },
      { "monster": "mon_zombie_failed_weapon", "freq": 4, "cost_multiplier": 30 },
      { "monster": "mon_fungus_failed_weapon", "freq": 0, "cost_multiplier": 30 },
      { "monster": "mon_zombie_bio_infantry", "freq": 10, "cost_multiplier": 15},
      { "monster": "mon_zombie_bio_knight", "freq": 10, "cost_multiplier": 15},
      { "monster": "mon_zombie_bio_scout", "freq": 10, "cost_multiplier": 15},
      { "monster": "mon_zombie_bio_tool", "freq": 10, "cost_multiplier": 15 },


      { "monster": "mon_manhack", "freq": 25, "cost_multiplier": 0, "pack_size": [1,2] },
      { "monster": "mon_manhack", "freq": 25, "cost_multiplier": 3, "pack_size": [6,12] },
      { "monster": "mon_skitterbot", "freq": 75, "cost_multiplier": 0, "pack_size": [1,3] },
      { "monster": "mon_secubot", "freq": 25, "cost_multiplier": 3 },
      { "monster": "mon_turret_rifle", "freq": 50, "cost_multiplier": 0 },
      { "monster": "mon_turret_bmg", "freq": 10, "cost_multiplier": 5 },
      { "monster": "mon_turret_shockcannon", "freq": 10, "cost_multiplier": 3 },
      { "monster": "mon_cyborg_guard", "freq": 10, "cost_multiplier": 5},
      { "monster": "mon_broken_cyborg", "freq": 50, "cost_multiplier": 1},
      { "monster": "mon_blob_small", "freq": 25, "cost_multiplier": 0, "pack_size": [2,3] },
      { "monster": "mon_blob", "freq": 25, "cost_multiplier": 0, "pack_size": [1,2] },
      { "monster": "mon_blob_large", "freq": 14, "cost_multiplier": 3 },
      { "monster": "mon_shoggoth", "freq": 1, "cost_multiplier": 5 },
      { "monster": "mon_zombie", "freq": 50, "cost_multiplier": 0 },
      { "monster": "mon_zombie_scientist", "freq": 150, "cost_multiplier": 0, "pack_size": [1,4] },
      { "monster": "mon_zombie_hazmat", "freq": 100, "cost_multiplier": 0 },
      { "monster": "mon_zombie_bio_op", "freq": 50, "cost_multiplier": 5 },
      { "monster": "mon_zombie_armored", "freq": 25, "cost_multiplier": 5 },
      { "monster": "mon_zombie_soldier", "freq": 35, "cost_multiplier": 3 },
      { "monster": "mon_crawler", "freq": 15, "cost_multiplier": 3 },

      { "monster": "mon_doom_churl", "freq": 5, "cost_multiplier": 5, "pack_size": [1,3] },
      { "monster": "mon_doom_churl_revive", "freq": 5, "cost_multiplier": 3, "pack_size": [1,4] },
      { "monster": "mon_imp", "freq": 10, "cost_multiplier": 0 },
      { "monster": "mon_imp_revive", "freq": 5, "cost_multiplier": 3, "pack_size": [1,2], "starts": 5 },
      { "monster": "mon_imp_black", "freq": 5, "cost_multiplier": 1, "starts": 2 },
      { "monster": "mon_pinky", "freq": 15, "cost_multiplier": 1, "pack_size": [1,4], "starts": 5 },
      { "monster": "mon_pinky_revive", "freq": 5, "cost_multiplier": 3, "pack_size": [1,4], "starts": 5 },
      { "monster": "mon_lostsoul", "freq": 10, "cost_multiplier": 0, "pack_size": [2,5] },
      { "monster": "mon_revenant", "freq": 5, "cost_multiplier": 0 },
      { "monster": "mon_hell_knight", "freq": 5, "cost_multiplier": 5, "pack_size": [1,2] },
      { "monster": "mon_hell_knight_revive", "freq": 5, "cost_multiplier": 5, "pack_size": [1,2], "starts": 5 },
      { "monster": "mon_hell_baron", "freq": 5, "cost_multiplier": 5, "pack_size": [1,2], "starts": 25 },
      { "monster": "mon_mancubus", "freq": 2, "cost_multiplier": 5, "pack_size": [1,2], "starts": 50 },
      { "monster": "mon_cacodemon", "freq": 2, "cost_multiplier": 0, "pack_size": [1,2] },
      { "monster": "mon_cacodemon_revive", "freq": 1, "cost_multiplier": 0, "pack_size": [1,2], "starts": 5 },
      { "monster": "mon_mechaspider", "freq": 9, "cost_multiplier": 5, "pack_size": [1,2] },
      { "monster": "mon_doom_archvile", "freq": 1, "cost_multiplier": 60, "starts":   100, "conditions": ["SUMMER", "AUTUMN"] },
      { "monster": "mon_doom_archvile_2", "freq": 1, "cost_multiplier": 60, "starts":   10, "conditions": ["DAY", "SPRING", "SUMMER"] },
      { "monster": "mon_doom_archvile_3", "freq": 1, "cost_multiplier": 60, "starts":   10, "conditions": ["DAWN", "NGIHT", "DUSK", "SPRING", "SUMMER"] },
      { "monster": "mon_doom_archvile_4", "freq": 1, "cost_multiplier": 60, "starts":   10, "conditions": ["DAY", "AUTUMN", "WINTER"] },
      { "monster": "mon_doom_archvile_5", "freq": 1, "cost_multiplier": 60, "starts":   10, "conditions": ["DAWN", "NGIHT", "DUSK", "AUTUMN", "WINTER"] },
      { "monster": "mon_cyberdemon", "freq": 1, "cost_multiplier": 50, "starts": 50, "conditions": ["NGIHT"] }
    ]
  },{
    "type":"monstergroup",
    "name": "GROUP_LAB",
    "default": "mon_zombie_scientist",
    "monsters": [
      { "monster": "mon_failed_weapon", "freq": 4, "cost_multiplier": 80 },
      { "monster": "mon_zombie_failed_weapon", "freq": 4, "cost_multiplier": 30 },
      { "monster": "mon_fungus_failed_weapon", "freq": 0, "cost_multiplier": 30 },
      { "monster": "mon_zombie_bio_infantry", "freq": 10, "cost_multiplier": 15},
      { "monster": "mon_zombie_bio_knight", "freq": 10, "cost_multiplier": 15},
      { "monster": "mon_zombie_bio_scout", "freq": 10, "cost_multiplier": 15},
      { "monster": "mon_zombie_bio_tool", "freq": 10, "cost_multiplier": 15 },


      { "monster": "mon_crawler", "freq": 25, "cost_multiplier": 3 },
      { "monster": "mon_blob", "freq": 25, "cost_multiplier": 1, "pack_size": [1,2] },
      { "monster": "mon_blob_large", "freq": 14, "cost_multiplier": 3 },
      { "monster": "mon_shoggoth", "freq": 1, "cost_multiplier": 5 },
      { "monster": "mon_turret_shockcannon", "freq": 10, "cost_multiplier": 3 },
      { "monster": "mon_cyborg_guard", "freq": 15, "cost_multiplier": 5 },
      { "monster": "mon_broken_cyborg", "freq": 50, "cost_multiplier": 1 },
      { "monster": "mon_turret_rifle", "freq": 25, "cost_multiplier": 0 },

      { "monster": "mon_blob_small", "freq": 25, "cost_multiplier": 0, "pack_size": [1,4] },
      { "monster": "mon_manhack", "freq": 200, "cost_multiplier": 0 },
      { "monster": "mon_manhack", "freq": 45, "cost_multiplier": 0, "pack_size": [2,3] },
      { "monster": "mon_skitterbot", "freq": 85, "cost_multiplier": 0 },
      { "monster": "mon_skitterbot", "freq": 85, "cost_multiplier": 0, "pack_size": [2,3] },
      { "monster": "mon_skitterbot", "freq": 1, "cost_multiplier": 0, "pack_size": [8,12] },
      { "monster": "mon_zombie_hazmat", "freq": 100, "cost_multiplier": 0 },
      { "monster": "mon_zombie_bio_op", "freq": 50, "cost_multiplier": 5 },
      { "monster": "mon_zombie_armored", "freq": 5, "cost_multiplier": 5 }
    ]
  },{
    "type":"monstergroup",
    "name": "GROUP_ICE_LAB",
    "default": "mon_zombie_scientist",
    "monsters": [
      { "monster": "mon_failed_weapon", "freq": 4, "cost_multiplier": 80 },
      { "monster": "mon_zombie_failed_weapon", "freq": 4, "cost_multiplier": 30 },
      { "monster": "mon_fungus_failed_weapon", "freq": 0, "cost_multiplier": 30 },
      { "monster": "mon_zombie_bio_infantry", "freq": 10, "cost_multiplier": 15},
      { "monster": "mon_zombie_bio_knight", "freq": 10, "cost_multiplier": 15},
      { "monster": "mon_zombie_bio_scout", "freq": 10, "cost_multiplier": 15},
      { "monster": "mon_zombie_bio_tool", "freq": 10, "cost_multiplier": 15 },


      { "monster": "mon_crawler", "freq": 25, "cost_multiplier": 3 },
      { "monster": "mon_blob", "freq": 25, "cost_multiplier": 1, "pack_size": [1,2] },
      { "monster": "mon_blob_large", "freq": 14, "cost_multiplier": 3 },
      { "monster": "mon_shoggoth", "freq": 1, "cost_multiplier": 5 },
      { "monster": "mon_turret_shockcannon", "freq": 10, "cost_multiplier": 3 },
      { "monster": "mon_cyborg_guard", "freq": 15, "cost_multiplier": 5 },
      { "monster": "mon_broken_cyborg", "freq": 50, "cost_multiplier": 1 },
      { "monster": "mon_turret_rifle", "freq": 25, "cost_multiplier": 0 },

      { "monster": "mon_blob_small", "freq": 25, "cost_multiplier": 0, "pack_size": [1,4] },
      { "monster": "mon_manhack", "freq": 150, "cost_multiplier": 0 },
      { "monster": "mon_manhack", "freq": 50, "cost_multiplier": 0, "pack_size": [2,3] },
      { "monster": "mon_skitterbot", "freq": 100, "cost_multiplier": 0 },
      { "monster": "mon_skitterbot", "freq": 50, "cost_multiplier": 0, "pack_size": [2,3] },
      { "monster": "mon_zombie_hazmat", "freq": 100, "cost_multiplier": 0 },
      { "monster": "mon_zombie_bio_op", "freq": 50, "cost_multiplier": 5 },
      { "monster": "mon_zombie_armored", "freq": 5, "cost_multiplier": 5 }
    ]
  },{
    "type":"monstergroup",
    "name": "GROUP_ZOMBIE_MID",
    "//": "PKs Mid spawn list.  After the threshold for the formula in Group_Zom is reached, this list should start to take over.",
    "default": "mon_zombie_pk",
    "monsters": [
      { "monster": "mon_failed_weapon", "freq": 2, "cost_multiplier": 80 },
      { "monster": "mon_zombie_failed_weapon", "freq": 5, "cost_multiplier": 30 },
      { "monster": "mon_fungus_failed_weapon", "freq": 0, "cost_multiplier": 30 },
      { "monster": "mon_zombie_bio_infantry", "freq": 10, "cost_multiplier": 15},
      { "monster": "mon_zombie_bio_knight", "freq": 10, "cost_multiplier": 15},
      { "monster": "mon_zombie_bio_scout", "freq": 10, "cost_multiplier": 15},
      { "monster": "mon_zombie_bio_tool", "freq": 10, "cost_multiplier": 15 },


      { "monster": "mon_pidgeon", "freq": 30, "cost_multiplier": 0, "pack_size": [1,4] },
      { "monster": "mon_pidgeon", "freq": 10, "cost_multiplier": 0, "pack_size": [5,9] },
      { "monster": "mon_crow", "freq": 20, "cost_multiplier": 1, "pack_size": [3,8] },

      { "monster": "mon_zombie_pk", "freq": 15, "cost_multiplier": 3, "pack_size": [1,3] },
      { "monster": "mon_zombie_pk", "freq": 20, "cost_multiplier": 5, "pack_size": [2,5] },
      { "monster": "mon_zombie_pk", "freq": 15, "cost_multiplier": 7, "pack_size": [5,10] },
      { "monster": "mon_zombie_pk", "freq": 5, "cost_multiplier": 13, "pack_size": [15,20] },
      { "monster": "mon_zombie_pk", "freq": 2, "cost_multiplier": 20, "pack_size": [25,30] },
      { "monster": "mon_zombie", "freq": 6, "cost_multiplier": 7, "pack_size": [5,10] },
      { "monster": "mon_zombie_2", "freq": 6, "cost_multiplier": 7, "pack_size": [5,10], "starts":  2 },
      { "monster": "mon_zombie_3", "freq": 6, "cost_multiplier": 7, "pack_size": [5,10], "starts":  2 },
      { "monster": "mon_zombie_fat", "freq": 15, "cost_multiplier": 8, "pack_size": [3,5] },
      { "monster": "mon_zombie_fat_2", "freq": 5, "cost_multiplier": 4, "pack_size": [1,3], "starts":  2 },
      { "monster": "mon_zombie_fat_3", "freq": 5, "cost_multiplier": 4, "pack_size": [1,3], "starts":  2 },
      { "monster": "mon_zombie_tough", "freq": 10, "cost_multiplier": 9, "pack_size": [2, 3] },
      { "monster": "mon_zombie_tough_2", "freq": 5, "cost_multiplier": 6, "pack_size": [1, 3], "starts":  2 },
      { "monster": "mon_zombie_tough_3", "freq": 5, "cost_multiplier": 6, "pack_size": [1, 3], "starts":  2 },
      { "monster": "mon_zombie_tough", "freq": 5, "cost_multiplier": 15, "pack_size": [3, 6] },
      { "monster": "mon_zombie_child", "freq": 10, "cost_multiplier": 5, "pack_size": [1, 6] },
      { "monster": "mon_zombie_child_2", "freq": 5, "cost_multiplier": 5, "pack_size": [1, 6], "starts":  2 },
      { "monster": "mon_zombie_child_3", "freq": 5, "cost_multiplier": 5, "pack_size": [1, 6], "starts":  2 },
      { "monster": "mon_zombie_child", "freq": 3, "cost_multiplier": 10, "pack_size": [7, 12] },
      { "monster": "mon_zombie_child_pk", "freq": 3, "cost_multiplier": 3, "pack_size": [2, 5] },

      { "monster": "mon_zombie_cripple", "freq": 5, "cost_multiplier": 2, "pack_size": [1,3] },
      { "monster": "mon_zombie_blind", "freq": 5, "cost_multiplier": 2, "pack_size": [1,3] },
      { "monster": "mon_zombie_blind_pk", "freq": 5, "cost_multiplier": 9, "pack_size": [1,3] },
      { "monster": "mon_zombie_rot", "freq": 5, "cost_multiplier": 3 },
      { "monster": "mon_zombie_rot_pk", "freq": 15, "cost_multiplier": 5 },
      { "monster": "mon_skeleton", "freq": 20, "cost_multiplier": 8, "pack_size": [2,5] },
      { "monster": "mon_skeleton_pk", "freq": 5, "cost_multiplier": 16, "pack_size": [3,5] },
      { "monster": "mon_skeleton_husk", "freq": 1, "cost_multiplier": 21 },
      { "monster": "mon_zombie_crawler", "freq": 20, "cost_multiplier": 12, "pack_size": [1,4] },
      { "monster": "mon_zombie_crawler_pk_weak", "freq": 2, "cost_multiplier": 12, "starts":  50 },
      { "monster": "mon_zombie_crawler_pk", "freq": 1, "cost_multiplier": 25, "starts":  200, "conditions": ["DUSK", "NIGHT"] },

      { "monster": "mon_zombie_dog", "freq": 15, "cost_multiplier": 6, "pack_size": [1,5] },
      { "monster": "mon_zombie_dog", "freq": 10, "cost_multiplier": 14, "pack_size": [5,8] },
      { "monster": "mon_zombie_dog", "freq": 2, "cost_multiplier": 20, "pack_size": [8,12] },
      { "monster": "mon_zombie_dog_pk", "freq": 3, "cost_multiplier": 20, "pack_size": [2,4] },
      { "monster": "mon_dog_skeleton", "freq": 15, "cost_multiplier": 5 },
      { "monster": "mon_dog_skeleton", "freq": 10, "cost_multiplier": 20, "pack_size": [3,5] },
      { "monster": "mon_dog_skeleton_pk", "freq": 1, "cost_multiplier": 30 },
      { "monster": "mon_dog_zombie_cop", "freq": 5, "cost_multiplier": 5 },
      { "monster": "mon_dog_zombie_rot", "freq": 5, "cost_multiplier": 10, "pack_size": [4,8] },
      { "monster": "mon_dog_zombie_cop_pk", "freq": 2, "cost_multiplier": 20, "pack_size": [1,2] },

      { "monster": "mon_zombie_soldier", "freq": 10, "cost_multiplier": 2 },
      { "monster": "mon_zombie_soldier", "freq": 5, "cost_multiplier": 8, "pack_size": [2,6] },
      { "monster": "mon_zombie_cop", "freq": 10, "cost_multiplier": 3 },
      { "monster": "mon_zombie_hazmat", "freq": 10, "cost_multiplier": 3 },
      { "monster": "mon_zombie_fireman", "freq": 5, "cost_multiplier": 2 },

      { "monster": "mon_zombie_swimmer", "freq": 1, "cost_multiplier": 5 },
      { "monster": "mon_zombie_swimmer_pk", "freq": 1, "cost_multiplier": 5 },
      { "monster": "mon_zombie_grabber", "freq": 45, "cost_multiplier": 20, "pack_size": [3,5] },
      { "monster": "mon_zombie_grappler", "freq": 15, "cost_multiplier": 10 },
      { "monster": "mon_zombie_grappler", "freq": 5, "cost_multiplier": 20, "pack_size": [2,3] },
      { "monster": "mon_zombie_biter", "freq": 10, "cost_multiplier": 5 },
      { "monster": "mon_zombie_scales", "freq": 1, "cost_multiplier": 15, "pack_size": [1,2] },

      { "monster": "mon_zombie_runner", "freq": 15, "cost_multiplier": 5, "pack_size": [1,4] },
      { "monster": "mon_zombie_hunter", "freq": 10, "cost_multiplier": 15, "pack_size": [2,5] },
      { "monster": "mon_zombie_predator", "freq": 3, "cost_multiplier": 15, "pack_size": [1,2] },

      { "monster": "mon_zombie_gasbag", "freq": 15, "cost_multiplier": 5},
      { "monster": "mon_zombie_gasbag", "freq": 5, "cost_multiplier": 15, "pack_size": [3,5] },
      { "monster": "mon_zombie_smoker", "freq": 15, "cost_multiplier": 5 },
      { "monster": "mon_zombie_smoker", "freq": 5, "cost_multiplier": 10, "pack_size": [2,3] },
      { "monster": "mon_zombie_gasbag_pk", "freq": 2, "cost_multiplier": 10},
      { "monster": "mon_zombie_gasbag_pk", "freq": 1, "cost_multiplier": 35, "pack_size": [2,3] },
      { "monster": "mon_zombie_radbag", "freq": 5, "cost_multiplier": 15, "pack_size": [1,3] },

      { "monster": "mon_boomer", "freq": 10, "cost_multiplier": 5 },
      { "monster": "mon_boomer", "freq": 5, "cost_multiplier": 15, "pack_size": [2,4] },
      { "monster": "mon_boomer_huge_pk", "freq": 5, "cost_multiplier": 3, "pack_size": [1,3] },
      { "monster": "mon_boomer_huge", "freq": 5, "cost_multiplier": 14, "pack_size": [1,3] },

      { "monster": "mon_zombie_shrieker", "freq": 20, "cost_multiplier": 5 },
      { "monster": "mon_zombie_shrieker", "freq": 5, "cost_multiplier": 10, "pack_size": [3,5] },
      { "monster": "mon_zombie_screecher", "freq": 3, "cost_multiplier": 14, "pack_size": [1,2] },

      { "monster": "mon_zombie_acidic", "freq": 10, "cost_multiplier": 9, "pack_size": [2,5] },
      { "monster": "mon_zombie_spitter", "freq": 15, "cost_multiplier": 5 },
      { "monster": "mon_zombie_spitter", "freq": 5, "cost_multiplier": 15, "pack_size": [2,4] },
      { "monster": "mon_zombie_corrosive", "freq": 4, "cost_multiplier": 15 },
      { "monster": "mon_zombie_corrosive", "freq": 1, "cost_multiplier": 24, "pack_size": [1,3] },

      { "monster": "mon_zombie_electric", "freq": 15, "cost_multiplier": 6 },
      { "monster": "mon_zombie_electric", "freq": 3, "cost_multiplier": 14, "pack_size": [2,3] },
      { "monster": "mon_zombie_electric_pk", "freq": 2, "cost_multiplier": 14, "pack_size": [1,2] },
      { "monster": "mon_zombie_brute_shocker", "freq": 3, "cost_multiplier": 30 },
      { "monster": "mon_zombie_brute_shocker", "freq": 2, "cost_multiplier": 50, "pack_size": [1,2] },

      { "monster": "mon_zombie_brute", "freq": 15, "cost_multiplier": 15 },
      { "monster": "mon_zombie_brute", "freq": 3, "cost_multiplier": 30, "pack_size": [2,3] },
      { "monster": "mon_zombie_brute_ninja", "freq": 1, "cost_multiplier": 20 },
      { "monster": "mon_zombie_brute_grappler", "freq": 1, "cost_multiplier": 20 },
      { "monster": "mon_zombie_hulk", "freq": 1, "cost_multiplier": 50 },
      { "monster": "mon_zombie_hulk", "freq": 1, "cost_multiplier": 80, "pack_size": [1,2] },

      { "monster": "mon_zombie_necro", "freq": 3, "cost_multiplier": 25, "pack_size": [1,3] },
      { "monster": "mon_zombie_necro_pk", "freq": 2, "cost_multiplier": 50, "pack_size": [1,3] },
      { "monster": "mon_zombie_survivor", "freq": 10, "cost_multiplier": 40, "pack_size": [1,5] },
      { "monster": "mon_zombie_master", "freq": 2, "cost_multiplier": 30 },
      { "monster": "mon_zombie_master", "freq": 1, "cost_multiplier": 60, "pack_size": [1,3] },
      { "monster": "mon_zombie_lord", "freq": 2, "cost_multiplier": 60, "conditions": ["DUSK", "NIGHT", "DAWN"] },

      { "monster": "mon_zombie_shady", "freq": 20, "cost_multiplier": 10, "pack_size": [1,4] },
      { "monster": "mon_zombie_shady", "freq": 5, "cost_multiplier": 25, "pack_size": [3,7] },
      { "monster": "mon_zombie_shady_pk", "freq": 1, "cost_multiplier": 25, "pack_size": [1,2] },
      { "monster": "mon_zombie_hollow", "freq": 15, "cost_multiplier": 10},
      { "monster": "mon_zombie_hollow", "freq": 10, "cost_multiplier": 30, "pack_size": [2,5] },
      { "monster": "mon_zombie_hollow_pk", "freq": 3, "cost_multiplier": 30, "pack_size": [1,3] },

      { "monster": "mon_beekeeper", "freq": 6, "cost_multiplier": 3, "pack_size": [2,5] },
      { "monster": "mon_beekeeper_pk", "freq": 4, "cost_multiplier": 10, "pack_size": [1,5] },
      { "monster": "mon_zombie_technician", "freq": 3, "cost_multiplier": 12},

      { "monster": "mon_zombie_scorched", "freq": 4, "cost_multiplier": 8, "pack_size": [1,4], "starts": 25 },
      { "monster": "mon_zombie_fiend", "freq": 4, "cost_multiplier": 14, "pack_size": [1, 2], "starts": 25 },
      { "monster": "mon_zombie_child_scorched", "freq": 4, "cost_multiplier": 14, "pack_size": [2, 8], "starts": 50 },
      { "monster": "mon_zombie_fiend_shocker", "freq": 4, "cost_multiplier": 12, "pack_size": [1,2], "starts": 50 },
      { "monster": "mon_zombie_scorched_shocker", "freq": 4, "cost_multiplier": 10, "pack_size": [1, 3], "starts": 50, "conditions": ["DUSK", "DAY", "DAWN"] },
      { "monster": "mon_zombie_scorched_necro", "freq": 5, "cost_multiplier": 18, "pack_size": [1, 3], "starts": 75, "conditions": ["DUSK", "DAWN"] },
      { "monster": "mon_zombie_scorched_master", "freq": 5, "cost_multiplier": 18, "pack_size": [1, 3], "starts": 75, "conditions": ["DUSK", "DAWN"] },
      { "monster": "mon_zolf_scorched", "freq": 5, "cost_multiplier": 25, "conditions": ["WINTER", "DUSK", "NIGHT"] },

      { "monster": "mon_blob", "freq": 6, "cost_multiplier": 5 },
      { "monster": "mon_blob_large", "freq": 4, "cost_multiplier": 10 }
    ]
  },{
    "type":"monstergroup",
    "name": "GROUP_FUNGI",
    "default": "mon_fungus_boil",
    "monsters": [
      { "monster": "mon_fungus_failed_weapon", "freq": 15, "cost_multiplier": 20 },


      { "monster": "mon_fungal_wall", "freq": 0, "cost_multiplier": 0 },
      { "monster": "mon_fungaloid_queen", "freq": 0, "cost_multiplier": 0 },
      { "monster": "mon_fungaloid", "freq": 50, "cost_multiplier": 1 },
      { "monster": "mon_fungaloid_young", "freq": 200, "cost_multiplier": 0 },
      { "monster": "mon_fungus_boil", "freq": 10, "cost_multiplier": 0, "pack_size": [2,3] },
      { "monster": "mon_zombie_fungus", "freq": 75, "cost_multiplier": 1 },
      { "monster": "mon_zombie_fungus", "freq": 75, "cost_multiplier": 2, "pack_size": [3,7] },
      { "monster": "mon_boomer_fungus", "freq": 40, "cost_multiplier": 1, "pack_size": [1,3] },
      { "monster": "mon_zombie_electric_fungal", "freq": 15, "cost_multiplier": 3, "starts":  75 },
      { "monster": "mon_ant_fungus", "freq": 50, "cost_multiplier": 1, "pack_size": [1,4] },
      { "monster": "mon_ant_fungus", "freq": 25, "cost_multiplier": 5, "pack_size": [4,9] },
      { "monster": "mon_fungaloid_pk", "freq": 150, "cost_multiplier": 5, "starts":  25 },
      { "monster": "mon_fougar", "freq": 15, "cost_multiplier": 3, "starts":  50 },
      { "monster": "mon_fungus_pig", "freq": 15, "cost_multiplier": 12, "pack_size": [2,5], "starts":  75 },
      { "monster": "mon_feer", "freq": 15, "cost_multiplier": 10, "pack_size": [1,2], "starts":  75 },
      { "monster": "mon_feer", "freq": 5, "cost_multiplier": 10, "pack_size": [2,5], "starts":  100, "conditions": ["SUMMER", "AUTUMN"] },
      { "monster": "mon_foose", "freq": 15, "cost_multiplier": 5, "starts":  75 },
      { "monster": "mon_folf", "freq": 15, "cost_multiplier": 3 },
      
      { "monster": "mon_folf", "freq": 10, "cost_multiplier": 7, "pack_size": [3,5], "starts":  50 },
      { "monster": "mon_fardigrade", "freq": 10, "cost_multiplier": 15, "starts":  100 },
      { "monster": "mon_furvivor", "freq": 35, "cost_multiplier": 3, "pack_size": [1,2], "starts":  25 },
      { "monster": "mon_furvivor_glock", "freq": 15, "cost_multiplier": 7, "pack_size": [1,3], "starts":  25 },
      { "monster": "mon_furvivor_shotgun", "freq": 10, "cost_multiplier": 10, "starts":  75 },
      { "monster": "mon_furvivor_deagle", "freq": 10, "cost_multiplier": 12, "starts":  100 },
      { "monster": "mon_furvivor_smg", "freq": 7, "cost_multiplier": 20, "starts":  100 },
      { "monster": "mon_furvivor_pk", "freq": 15, "cost_multiplier": 15, "pack_size": [1,3], "starts":  100 },
      { "monster": "mon_marloss_man", "freq": 1, "cost_multiplier": 50, "starts": 100, "conditions": ["SPRING", "SUMMER", "AUTUMN"] },
      { "monster": "mon_finebeast", "freq": 35, "cost_multiplier": 5, "starts": 50 },
      { "monster": "mon_finecraft", "freq": 10, "cost_multiplier": 10, "starts": 75 },
      { "monster": "mon_fionaea", "freq": 5, "cost_multiplier": 25, "starts": 50 }
    ]
  },{
    "type":"monstergroup",
    "name": "GROUP_FUNGI_TOWER",
    "default": "mon_fungal_tendril",
    "monsters": [
      { "monster": "mon_fungus_failed_weapon", "freq": 15, "cost_multiplier": 20 },


      { "monster": "mon_fungal_hedgerow", "freq": 0, "cost_multiplier": 0 },
      { "monster": "mon_fungaloid_tower", "freq": 0, "cost_multiplier": 0 },
      { "monster": "mon_fungaloid", "freq": 50, "cost_multiplier": 1 },
      { "monster": "mon_fungaloid_young", "freq": 100, "cost_multiplier": 0 },
      { "monster": "mon_fungus_boil", "freq": 50, "cost_multiplier": 0 },
      { "monster": "mon_zombie_fungus", "freq": 100, "cost_multiplier": 1 },
      { "monster": "mon_zombie_fungus", "freq": 50, "cost_multiplier": 2, "pack_size": [3,7] },
      { "monster": "mon_boomer_fungus", "freq": 35, "cost_multiplier": 1, "pack_size": [1,3] },
      { "monster": "mon_zombie_electric_fungal", "freq": 25, "cost_multiplier": 3, "starts":  50 },
      { "monster": "mon_ant_fungus", "freq": 45, "cost_multiplier": 2, "pack_size": [1,4] },
      { "monster": "mon_ant_fungus", "freq": 5, "cost_multiplier": 5, "pack_size": [4,9] },
      { "monster": "mon_fungaloid_pk", "freq": 200, "cost_multiplier": 5, "starts":  25 },
      { "monster": "mon_fungus_pig", "freq": 15, "cost_multiplier": 12, "pack_size": [2,5], "starts":  75 },
      { "monster": "mon_fougar", "freq": 5, "cost_multiplier": 7, "starts":  75 },
      { "monster": "mon_feer", "freq": 5, "cost_multiplier": 12, "pack_size": [1,2], "starts":  100 },
      { "monster": "mon_foose", "freq": 20, "cost_multiplier": 10, "starts":  75 },
      { "monster": "mon_folf", "freq": 10, "cost_multiplier": 7, "pack_size": [1,3], "starts":  75 },
      { "monster": "mon_fardigrade", "freq": 5, "cost_multiplier": 25, "starts":  250 },
      { "monster": "mon_furvivor", "freq": 35, "cost_multiplier": 5, "pack_size": [1,2], "starts":  25 },
      { "monster": "mon_furvivor_glock", "freq": 20, "cost_multiplier": 12, "pack_size": [1,3], "starts":  50 },
      { "monster": "mon_furvivor_shotgun", "freq": 15, "cost_multiplier": 17, "starts":  100 },
      { "monster": "mon_furvivor_deagle", "freq": 10, "cost_multiplier": 17, "starts":  75 },
      { "monster": "mon_furvivor_smg", "freq": 10, "cost_multiplier": 25, "starts":  150 },
      { "monster": "mon_furvivor_pk", "freq": 15, "cost_multiplier": 20, "pack_size": [1,3], "starts":  75 },
      { "monster": "mon_marloss_man", "freq": 1, "cost_multiplier": 75, "starts": 100, "conditions": ["SPRING", "SUMMER", "AUTUMN"] },
      { "monster": "mon_finebeast", "freq": 3, "cost_multiplier": 12, "starts": 50 },
      { "monster": "mon_finecraft", "freq": 4, "cost_multiplier": 15, "starts": 100 },
      { "monster": "mon_fionaea", "freq": 2, "cost_multiplier": 25, "starts": 150 }
    ]
  },{
    "type":"monstergroup",
    "name": "GROUP_FUNGI_FLOWERS",
    "default": "mon_fungal_blossom",
    "monsters": [
      { "monster": "mon_fungus_failed_weapon", "freq": 15, "cost_multiplier": 20 },


      { "monster": "mon_fungaloid", "freq": 10, "cost_multiplier": 1 },
      { "monster": "mon_fungaloid_young", "freq": 100, "cost_multiplier": 1 },
      { "monster": "mon_fungus_boil", "freq": 100, "cost_multiplier": 0 },
      { "monster": "mon_fungaloid_seeder", "freq": 0, "cost_multiplier": 0 },
      { "monster": "mon_zombie_fungus", "freq": 20, "cost_multiplier": 1, "pack_size": [1,3] },
      { "monster": "mon_boomer_fungus", "freq": 5, "cost_multiplier": 1, "pack_size": [1,3] },
      { "monster": "mon_ant_fungus", "freq": 15, "cost_multiplier": 3, "pack_size": [4,9] },
      { "monster": "mon_fungaloid_pk", "freq": 100, "cost_multiplier": 5, "starts":  25 },
      { "monster": "mon_fungus_pig", "freq": 5, "cost_multiplier": 12, "pack_size": [1,4], "starts":  75 },
      { "monster": "mon_fougar", "freq": 10, "cost_multiplier": 7, "starts":  25 },
      { "monster": "mon_feer", "freq": 10, "cost_multiplier": 12, "pack_size": [1,2], "starts":  25 },
      { "monster": "mon_feer", "freq": 5, "cost_multiplier": 17, "pack_size": [2,5], "starts":  75 },
      { "monster": "mon_foose", "freq": 25, "cost_multiplier": 12, "starts":  25 },
      { "monster": "mon_folf", "freq": 15, "cost_multiplier": 7 },
      { "monster": "mon_folf", "freq": 5, "cost_multiplier": 12, "pack_size": [3,5], "starts":  25 },
      { "monster": "mon_fardigrade", "freq": 5, "cost_multiplier": 25, "starts":  50 },
      { "monster": "mon_furvivor", "freq": 5, "cost_multiplier": 12, "pack_size": [1,2], "starts":  25 },
      { "monster": "mon_furvivor_glock", "freq": 1, "cost_multiplier": 17, "pack_size": [1,3], "starts":  25 },
      { "monster": "mon_furvivor_shotgun", "freq": 1, "cost_multiplier": 20, "starts":  100 },
      { "monster": "mon_furvivor_deagle", "freq": 1, "cost_multiplier": 17, "starts":  100 },
      { "monster": "mon_furvivor_smg", "freq": 1, "cost_multiplier": 30, "starts":  75 },
      { "monster": "mon_furvivor_pk", "freq": 5, "cost_multiplier": 25, "pack_size": [1,3], "starts":  75 },
      { "monster": "mon_marloss_man", "freq": 1, "cost_multiplier": 99, "starts": 50, "conditions": ["SPRING", "SUMMER", "AUTUMN"] },
      { "monster": "mon_finebeast", "freq": 10, "cost_multiplier": 15, "starts": 75 },
      { "monster": "mon_finecraft", "freq": 10, "cost_multiplier": 7, "starts": 100 },
      { "monster": "mon_fionaea", "freq": 5, "cost_multiplier": 17, "starts": 100 }
    ]
  },{
    "type":"monstergroup",
    "name": "GROUP_LARGE_STATION",
    "default": "mon_zombie_technician",
    "monsters": [
      { "monster": "mon_failed_weapon", "freq": 25, "cost_multiplier": 20 },
      { "monster": "mon_zombie_failed_weapon", "freq": 15, "cost_multiplier": 20 },
      { "monster": "mon_zombie_bio_infantry", "freq": 20, "cost_multiplier": 15},
      { "monster": "mon_zombie_bio_knight", "freq": 15, "cost_multiplier": 15},
      { "monster": "mon_zombie_bio_scout", "freq": 20, "cost_multiplier": 15},
      { "monster": "mon_zombie_bio_tool", "freq": 25, "cost_multiplier": 15 },


      { "monster": "mon_robot_drone", "freq": 25, "cost_multiplier": 0 },
      { "monster": "mon_cyborg_cop", "freq": 15, "cost_multiplier": 5},
      { "monster": "mon_cyborg_guard", "freq": 50, "cost_multiplier": 5},
      { "monster": "mon_broken_cyborg", "freq": 100, "cost_multiplier": 1},
      { "monster": "mon_zombie_radbag", "freq": 50, "cost_multiplier": 3 },
      { "monster": "mon_beekeeper_pk", "freq": 100, "cost_multiplier": 5, "pack_size": [1,3] },
      { "monster": "mon_zombie_brute_shocker", "freq": 200, "cost_multiplier": 2, "pack_size": [1,2] },
      { "monster": "mon_zombie_electric_pk", "freq": 50, "cost_multiplier": 3, "pack_size": [1,2] },
      { "monster": "mon_zombie_electric", "freq": 75, "cost_multiplier": 3, "pack_size": [1,2] },
      { "monster": "mon_zombie_technician", "freq": 100, "cost_multiplier": 5, "pack_size": [2,4] },
      { "monster": "mon_zombie_tough", "freq": 50, "cost_multiplier": 0 }
    ]
  },{
    "type":"monstergroup",
    "name": "GROUP_ROBOT",
    "default": "mon_manhack",
    "monsters": [
      { "monster": "mon_failed_weapon", "freq": 25, "cost_multiplier": 20 },
      { "monster": "mon_zombie_failed_weapon", "freq": 15, "cost_multiplier": 20 },
      { "monster": "mon_zombie_bio_infantry", "freq": 20, "cost_multiplier": 15},
      { "monster": "mon_zombie_bio_knight", "freq": 15, "cost_multiplier": 15},
      { "monster": "mon_zombie_bio_scout", "freq": 20, "cost_multiplier": 15},
      { "monster": "mon_zombie_bio_tool", "freq": 25, "cost_multiplier": 15 },


      { "monster": "mon_cyborg_cop", "freq": 50, "cost_multiplier": 0 },
      { "monster": "mon_cyborg_guard", "freq": 50, "cost_multiplier": 0 },
      { "monster": "mon_broken_cyborg", "freq": 100, "cost_multiplier": 0 },
      { "monster": "mon_robot_drone", "freq": 50, "cost_multiplier": 0 },

      { "monster": "mon_skitterbot", "freq": 150, "cost_multiplier": 0 },
      { "monster": "mon_secubot", "freq": 100, "cost_multiplier": 0 },
      { "monster": "mon_copbot", "freq": 100, "cost_multiplier": 0 },
      { "monster": "mon_molebot", "freq": 50, "cost_multiplier": 0 },
      { "monster": "mon_tripod", "freq": 100, "cost_multiplier": 0 },
      { "monster": "mon_chickenbot", "freq": 100, "cost_multiplier": 0 },
      { "monster": "mon_tankbot", "freq": 50, "cost_multiplier": 0 }
    ]
  }
]
