[
  {
    "type": "monstergroup",
    "name": "GROUP_SLUDGE",
    "default": "mon_null",
    "monsters": [
      { "monster": "mon_failed_weapon", "freq": 20, "cost_multiplier": 20 },
      { "monster": "mon_zombie_failed_weapon", "freq": 25, "cost_multiplier": 20 },

      { "monster": "mon_sludge_crawler", "freq": 250, "cost_multiplier": 5, "pack_size": [ 1, 2 ] },
      { "monster": "mon_twisted_body", "freq": 125, "cost_multiplier": 5, "pack_size": [ 1, 2 ] },
      { "monster": "mon_sewer_snake", "freq": 50, "cost_multiplier": 3, "pack_size": [ 2, 4 ] },
      { "monster": "mon_bat_vampire", "freq": 50, "cost_multiplier": 3, "pack_size": [ 4, 7 ] },
      { "monster": "mon_jabberwock", "freq": 25, "cost_multiplier": 50 },
      { "monster": "mon_thing_swamp", "freq": 1, "cost_multiplier": 5, "conditions": [ "DAWN", "DUSK", "NIGHT", "SUMMER" ] },

      { "monster": "mon_raphael", "freq": 4, "cost_multiplier": 15, "pack_size": [ 1, 3 ] },
      { "monster": "mon_donatello", "freq": 4, "cost_multiplier": 15, "pack_size": [ 1, 3 ] },
      { "monster": "mon_leonardo", "freq": 4, "cost_multiplier": 15, "pack_size": [ 1, 3 ] },
      { "monster": "mon_michelangelo", "freq": 4, "cost_multiplier": 15, "pack_size": [ 1, 3 ] },
      { "monster": "mon_ratman_ninja", "freq": 4, "cost_multiplier": 15, "pack_size": [ 1, 3 ] }
    ]
  }
]