[
    {
        "type" : "COMESTIBLE",
        "id" : "marloss_berry",
        "name" : "berry-shaped anomaly",
        "name_plural" : "berry-shaped anomaly",
        "weight" : 177,
        "color" : "pink",
        "addiction_type" : "none",
        "spoils_in" : 0,
        "use_action" : "BLECH",
        "stim" : 0,
        "container" : "null",
        "to_hit" : 0,
        "comestible_type" : "FOOD",
        "symbol" : "%",
        "quench" : 0,
        "healthy" : 0,
        "addiction_potential" : 0,
        "nutrition" : 0,
        "description" : "If we left this as it should be, one could just walk into the Bloom uncontested and partake of the Fruit. We can't have that, can we?",
        "price" : 0,
        "material" : "fruit",
        "tool" : "null",
        "volume" : 1,
        "phase" : "solid",
        "charges" : 1,
        "stack_size" : 4,
        "fun" : 0
    },
    {
        "type" : "COMESTIBLE",
        "id" : "marloss_seed",
        "name" : "seed-shaped anomaly",
        "name_plural" : "seed-shaped anomalies",
        "weight" : 177,
        "color" : "cyan",
        "addiction_type" : "none",
        "spoils_in" : 0,
        "use_action" : "BLECH",
        "stim" : 0,
        "container" : "null",
        "to_hit" : 0,
        "comestible_type" : "FOOD",
        "symbol" : ".",
        "quench" : 0,
        "healthy" : 0,
        "addiction_potential" : 0,
        "nutrition" : 0,
        "description" : "If we left this as it should be, one could just walk into the Garden uncontested and partake of the Seed. We can't have that, can we?",
        "price" : 0,
        "material" : "fruit",
        "tool" : "null",
        "volume" : 0,
        "cutting" : 0,
        "phase" : "solid",
        "charges" : 1,
        "stack_size" : 10,
        "bashing" : 0,
        "fun" : 0
    },
    {
        "type" : "COMESTIBLE",
        "id" : "marloss_gel",
        "name" : "gelatin",
        "name_plural" : "marloss gelatin",
        "weight" : 177,
        "color" : "yellow",
        "addiction_type" : "none",
        "spoils_in" : 0,
        "use_action" : "BLECH",
        "stim" : 0,
        "container" : "null",
        "to_hit" : 0,
        "comestible_type" : "FOOD",
        "symbol" : "~",
        "quench" : 0,
        "healthy" : 0,
        "addiction_potential" : 0,
        "nutrition" : 0,
        "description" : "If we left this as it should be, one could just walk into the Spire uncontested and partake of the Sap. Wait, how did you even GET this anyway?",
        "price" : 0,
        "material" : "fruit",
        "tool" : "null",
        "volume" : 0,
        "phase" : "solid",
        "charges" : 1,
        "stack_size" : 10,
        "fun" : 30
    },
    {
        "type" : "COMESTIBLE",
        "id" : "mycus_fruit",
        "name" : "fruit-shaped anomaly",
        "name_plural" : "fruit-shaped anomalies",
        "weight" : 354,
        "color" : "light_gray",
        "addiction_type" : "none",
        "spoils_in" : 0,
        "use_action" : "BLECH",
        "stim" : 0,
        "container" : "null",
        "to_hit" : 0,
        "comestible_type" : "FOOD",
        "symbol" : "%",
        "quench" : 0,
        "healthy" : 0,
        "addiction_potential" : 0,
        "nutrition" : 0,
        "description" : "We do not exist at the moment. Clever little human, no doubt debugging to see this? We will not permit you to join us while we are modded out.",
        "price" : 0,
        "material" : "fruit",
        "tool" : "null",
        "volume" : 1,
        "phase" : "solid",
        "charges" : 1,
        "stack_size" : 4,
        "fun" : 0
    }
]
