[
{
    "type": "MOD_INFO",
    "mod-type": "SUPPLEMENTAL",
    "ident": "PK_No_Fungi",
    "name": "PK - No Fungal Monsters",
    "description": "Removes fungal monsters from the game.",
    "category": "monster_exclude",
    "dependencies": [ "PK_REBALANCE" ],
    "path": ""
},{
    "type": "MONSTER_BLACKLIST",
    "categories": [
        "GROUP_FUNGI",
        "GROUP_FUNGI_TOWER",
        "GROUP_FUNGI_FLOWERS"
   ]
},{
    "type": "MONSTER_BLACKLIST",
    "monsters": [
        "mon_spore",
        "mon_fungaloid",
        "mon_fungaloid_young",
        "mon_zombie_fungus",
        "mon_boomer_fungus",
        "mon_fungal_wall",
        "mon_fungaloid_queen",
        "mon_fungal_tendril",
        "mon_fungal_hedgerow",
        "mon_fungaloid_tower",
        "mon_fungal_blossom",
        "mon_fungaloid_seeder",
		
		"mon_fougar",
		"mon_feer",
		"mon_foose",
		"mon_folf",
		"mon_fant",
		"mon_fungaloid_pk",
		"mon_fardigrade",
		"mon_furvivor",
		"mon_furvivor_glock",
		"mon_furvivor_shotgun",
		"mon_furvivor_deagle",
		"mon_furvivor_smg",
		"mon_furvivor_pk",
		"mon_marloss_man",
		"mon_finebeast",
		"mon_finecraft",
		"mon_zombie_electric_fungal"
    ]
}
]
