[
  {
    "type": "overmap_special",
    "id": "Evac Shelter",
    "copy-from" : "Evac Shelter",
    "connections": [
      { "point": [0,-1,0], "terrain": "road", "existing": true }
    ],
    "locations": [ "land", "swamp" ],
    "city_distance": [4, 10],
    "city_sizes": [4, 16],
    "occurrences": [2, 5],
    "rotate": false
  },{
    "type": "overmap_special",
    "id": "Bee Hive",
    "copy-from" : "Bee Hive",
    "overmaps": [
      { "point":[0,0,0], "overmap": "hive" },
      { "point":[0,1,0], "overmap": "hive" },
      { "point":[0,2,0], "overmap": "hive" },
      { "point":[1,0,0], "overmap": "hive" },
      { "point":[1,1,0], "overmap": "hive" },
      { "point":[1,2,0], "overmap": "hive" },
      { "point":[2,0,0], "overmap": "hive" },
      { "point":[2,1,0], "overmap": "hive" },
      { "point":[2,2,0], "overmap": "hive" }
    ],
    "city_sizes": [4, 16],
    "occurrences": [0, 3],
    "spawns": { "group": "GROUP_BEE", "population":[1200,3600], "radius":[40,100] }
  },{
    "type": "overmap_special",
    "id": "police_hub",
    "overmaps": [
      { "point":[-1,-1,0], "overmap": "police_hub_00" },
      { "point":[0,-1,0], "overmap": "police_hub_01" },
      { "point":[1,-1,0], "overmap": "police_hub_02" },
      { "point":[-1,0,0], "overmap": "police_hub_10" },
      { "point":[0,0,0], "overmap": "police_hub_11" },
      { "point":[1,0,0], "overmap": "police_hub_12" },
      { "point":[-1,1,0], "overmap": "police_hub_20" },
      { "point":[0,1,0], "overmap": "police_hub_21" },
      { "point":[1,1,0], "overmap": "police_hub_22" }
    ],
    "connections": [
    { "point": [-2,0,0], "terrain": "road" }
    ],
    "locations": [ "land" ],
    "city_distance": [0, 8],
    "city_sizes": [4, 16],
    "occurrences": [0, 0],
    "rotate": false,
    "spawns": { "group": "GROUP_ROBOCOP", "population":[9,27], "radius":[75,150] }
  },{
    "type": "overmap_special",
    "id": "Triffid Grove",
    "copy-from" : "Triffid Grove",
    "overmaps":
    [
      { "point":[0,0,0], "overmap": "triffid_grove" },
      { "point":[0,0,-1], "overmap": "triffid_roots" },
      { "point":[0,0,-2], "overmap": "triffid_roots" },
      { "point":[0,0,-3], "overmap": "triffid_finale" }
    ],
    "city_distance": [1, -1],
    "city_sizes": [4, 16],
    "occurrences": [2, 4],
    "rotate": false,
    "spawns": { "group": "GROUP_TRIFFID", "population":[500,1250], "radius":[25,60] }
  }
]
