[
  {
    "id": "mon_zombie_corrosive",
    "type": "MONSTER",
    "copy-from": "mon_zombie_corrosive",
    "emit_fields": [ "emit_acid_small" ]
  },
  {
    "id": "mon_zombie_gasbag",
    "type": "MONSTER",
    "copy-from": "mon_zombie_gasbag",
    "emit_fields": [ "emit_gas_stream", "emit_gas_plume" ],
    "upgrades": {
      "half_life": 18,
      "into": "mon_zombie_gasbag_pk"
    }
  },
  {
    "id": "mon_zombie_smoker",
    "type": "MONSTER",
    "copy-from": "mon_zombie_smoker",
    "emit_fields": [ "emit_smoke_stream" ],
    "burn_into": "mon_zombie_scorched_pk",
    "upgrades": {
      "half_life": 18,
      "into": "mon_zombie_gasbag_pk"
    }
  },
  {
    "id": "mon_boomer_huge_pk",
    "type": "MONSTER",
    "copy-from": "mon_boomer_huge_pk",
    "emit_fields": [ "emit_bile" ]
  },
  {
    "id": "mon_charred_nightmare",
    "type": "MONSTER",
    "copy-from": "mon_charred_nightmare",
    "emit_fields": [ "emit_gas_plume" ],
    "flags": [ "SEES", "STUMBLES", "WARM", "BASHES", "GROUP_BASH", "NOGIB", "BONES", "POISON", "NO_BREATHE" ]
  },
  {
    "id": "mon_irradiated_wanderer_1",
    "type": "MONSTER",
    "copy-from": "mon_irradiated_wanderer_1",
    "emit_fields": [ "emit_gas_plume" ],
    "flags": [ "SEES", "HEARS", "STUMBLES", "WARM", "BASHES", "GROUP_BASH", "NOGIB", "BONES", "POISON", "NO_BREATHE" ]
  },
  {
    "id": "mon_irradiated_wanderer_2",
    "type": "MONSTER",
    "copy-from": "mon_irradiated_wanderer_2",
    "emit_fields": [ "emit_gas_plume" ],
    "flags": [ "SEES", "HEARS", "STUMBLES", "WARM", "BASHES", "GROUP_BASH", "NOGIB", "BONES", "POISON", "NO_BREATHE" ]
  },
  {
    "id": "mon_irradiated_wanderer_3",
    "type": "MONSTER",
    "copy-from": "mon_irradiated_wanderer_3",
    "emit_fields": [ "emit_gas_plume" ],
    "flags": [ "SEES", "HEARS", "STUMBLES", "WARM", "BASHES", "GROUP_BASH", "NOGIB", "BONES", "POISON", "NO_BREATHE" ]
  },
  {
    "id": "mon_irradiated_wanderer_4",
    "type": "MONSTER",
    "copy-from": "mon_irradiated_wanderer_4",
    "emit_fields": [ "emit_gas_plume" ],
    "flags": [ "SEES", "HEARS", "STUMBLES", "WARM", "BASHES", "GROUP_BASH", "NOGIB", "BONES", "POISON", "NO_BREATHE" ]
  },
  {
    "id": "mon_zombie_gasbag_pk",
    "type": "MONSTER",
    "copy-from": "mon_zombie_gasbag_pk",
    "emit_fields": [ "emit_gas_plume" ]
  },
  {
    "id": "mon_zombie_radbag",
    "type": "MONSTER",
    "copy-from": "mon_zombie_radbag",
    "emit_fields": [ "emit_gas_plume" ]
  }
]
