[
    {
        "id" : "CATEGORY_SELECTION",
        "category" : "ADVANCED_INVENTORY",
        "bindings" : [
            {
                "input_method" : "keyboard",
                "key" : [
                    "t"
                ]
            }
        ]
    },
    {
        "id" : "DOWN",
        "category" : "ADVANCED_INVENTORY",
        "bindings" : [
            {
                "input_method" : "keyboard",
                "key" : [
                    "j"
                ]
            },
            {
                "input_method" : "keyboard",
                "key" : [
                    "DOWN"
                ]
            },
            {
                "input_method" : "gamepad",
                "key" : [
                    "JOY_DOWN"
                ]
            }
        ]
    },
    {
        "id" : "EXAMINE",
        "category" : "ADVANCED_INVENTORY",
        "bindings" : [
            {
                "input_method" : "keyboard",
                "key" : [
                    "e"
                ]
            },
            {
                "input_method" : "keyboard",
                "key" : [
                    "E"
                ]
            }
        ]
    },
    {
        "id" : "ITEMS_AROUND",
        "category" : "ADVANCED_INVENTORY",
        "bindings" : [
            {
                "input_method" : "keyboard",
                "key" : [
                    "a"
                ]
            },
            {
                "input_method" : "keyboard",
                "key" : [
                    "A"
                ]
            }
        ]
    },
    {
        "id" : "ITEMS_CE",
        "category" : "ADVANCED_INVENTORY",
        "bindings" : [
            {
                "input_method" : "keyboard",
                "key" : [
                    "5"
                ]
            }
        ]
    },
    {
        "id" : "ITEMS_CONTAINER",
        "category" : "ADVANCED_INVENTORY",
        "bindings" : [
            {
                "input_method" : "keyboard",
                "key" : [
                    "c"
                ]
            },
            {
                "input_method" : "keyboard",
                "key" : [
                    "C"
                ]
            }
        ]
    },
    {
        "id" : "ITEMS_DRAGGED_CONTAINER",
        "category" : "ADVANCED_INVENTORY",
        "bindings" : [
            {
                "input_method" : "keyboard",
                "key" : [
                    "d"
                ]
            },
            {
                "input_method" : "keyboard",
                "key" : [
                    "D"
                ]
            }
        ]
    },
    {
        "id" : "ITEMS_E",
        "category" : "ADVANCED_INVENTORY",
        "bindings" : [
            {
                "input_method" : "keyboard",
                "key" : [
                    "6"
                ]
            }
        ]
    },
    {
        "id" : "ITEMS_INVENTORY",
        "category" : "ADVANCED_INVENTORY",
        "bindings" : [
            {
                "input_method" : "keyboard",
                "key" : [
                    "i"
                ]
            },
            {
                "input_method" : "keyboard",
                "key" : [
                    "I"
                ]
            },
            {
                "input_method" : "keyboard",
                "key" : [
                    "0"
                ]
            }
        ]
    },
    {
        "id" : "ITEMS_N",
        "category" : "ADVANCED_INVENTORY",
        "bindings" : [
            {
                "input_method" : "keyboard",
                "key" : [
                    "8"
                ]
            }
        ]
    },
    {
        "id" : "ITEMS_NE",
        "category" : "ADVANCED_INVENTORY",
        "bindings" : [
            {
                "input_method" : "keyboard",
                "key" : [
                    "9"
                ]
            }
        ]
    },
    {
        "id" : "ITEMS_NW",
        "category" : "ADVANCED_INVENTORY",
        "bindings" : [
            {
                "input_method" : "keyboard",
                "key" : [
                    "7"
                ]
            }
        ]
    },
    {
        "id" : "ITEMS_S",
        "category" : "ADVANCED_INVENTORY",
        "bindings" : [
            {
                "input_method" : "keyboard",
                "key" : [
                    "2"
                ]
            }
        ]
    },
    {
        "id" : "ITEMS_SE",
        "category" : "ADVANCED_INVENTORY",
        "bindings" : [
            {
                "input_method" : "keyboard",
                "key" : [
                    "3"
                ]
            }
        ]
    },
    {
        "id" : "ITEMS_SW",
        "category" : "ADVANCED_INVENTORY",
        "bindings" : [
            {
                "input_method" : "keyboard",
                "key" : [
                    "1"
                ]
            }
        ]
    },
    {
        "id" : "ITEMS_W",
        "category" : "ADVANCED_INVENTORY",
        "bindings" : [
            {
                "input_method" : "keyboard",
                "key" : [
                    "4"
                ]
            }
        ]
    },
    {
        "id" : "ITEMS_WORN",
        "category" : "ADVANCED_INVENTORY",
        "bindings" : [
            {
                "input_method" : "keyboard",
                "key" : [
                    "w"
                ]
            },
            {
                "input_method" : "keyboard",
                "key" : [
                    "W"
                ]
            }
        ]
    },
    {
        "id" : "LEFT",
        "category" : "ADVANCED_INVENTORY",
        "bindings" : [
            {
                "input_method" : "keyboard",
                "key" : [
                    "h"
                ]
            },
            {
                "input_method" : "keyboard",
                "key" : [
                    "LEFT"
                ]
            },
            {
                "input_method" : "gamepad",
                "key" : [
                    "JOY_LEFT"
                ]
            }
        ]
    },
    {
        "id" : "MOVE_ALL_ITEMS",
        "category" : "ADVANCED_INVENTORY",
        "bindings" : [
            {
                "input_method" : "keyboard",
                "key" : [
                    ","
                ]
            }
        ]
    },
    {
        "id" : "MOVE_ITEM_STACK",
        "category" : "ADVANCED_INVENTORY",
        "bindings" : [
            {
                "input_method" : "keyboard",
                "key" : [
                    "M"
                ]
            }
        ]
    },
    {
        "id" : "MOVE_SINGLE_ITEM",
        "category" : "ADVANCED_INVENTORY",
        "bindings" : [
            {
                "input_method" : "keyboard",
                "key" : [
                    "RETURN"
                ]
            }
        ]
    },
    {
        "id" : "MOVE_VARIABLE_ITEM",
        "category" : "ADVANCED_INVENTORY",
        "bindings" : [
            {
                "input_method" : "keyboard",
                "key" : [
                    "m"
                ]
            }
        ]
    },
    {
        "id" : "PAGE_DOWN",
        "category" : "ADVANCED_INVENTORY",
        "bindings" : [
            {
                "input_method" : "keyboard",
                "key" : [
                    "NPAGE"
                ]
            },
            {
                "input_method" : "keyboard",
                "key" : [
                    ">"
                ]
            }
        ]
    },
    {
        "id" : "PAGE_UP",
        "category" : "ADVANCED_INVENTORY",
        "bindings" : [
            {
                "input_method" : "keyboard",
                "key" : [
                    "PPAGE"
                ]
            },
            {
                "input_method" : "keyboard",
                "key" : [
                    "<"
                ]
            }
        ]
    },
    {
        "id" : "RIGHT",
        "category" : "ADVANCED_INVENTORY",
        "bindings" : [
            {
                "input_method" : "keyboard",
                "key" : [
                    "l"
                ]
            },
            {
                "input_method" : "keyboard",
                "key" : [
                    "RIGHT"
                ]
            },
            {
                "input_method" : "gamepad",
                "key" : [
                    "JOY_RIGHT"
                ]
            }
        ]
    },
    {
        "id" : "SORT",
        "category" : "ADVANCED_INVENTORY",
        "bindings" : [
            {
                "input_method" : "keyboard",
                "key" : [
                    "s"
                ]
            },
            {
                "input_method" : "keyboard",
                "key" : [
                    "S"
                ]
            }
        ]
    },
    {
        "id" : "TOGGLE_AUTO_PICKUP",
        "category" : "ADVANCED_INVENTORY",
        "bindings" : [
            {
                "input_method" : "keyboard",
                "key" : [
                    "p"
                ]
            }
        ]
    },
    {
        "id" : "TOGGLE_TAB",
        "category" : "ADVANCED_INVENTORY",
        "bindings" : [
            {
                "input_method" : "keyboard",
                "key" : [
                    "TAB"
                ]
            }
        ]
    },
    {
        "id" : "TOGGLE_VEH",
        "category" : "ADVANCED_INVENTORY",
        "bindings" : [
            {
                "input_method" : "keyboard",
                "key" : [
                    "v"
                ]
            },
            {
                "input_method" : "keyboard",
                "key" : [
                    "V"
                ]
            }
        ]
    },
    {
        "id" : "UP",
        "category" : "ADVANCED_INVENTORY",
        "bindings" : [
            {
                "input_method" : "keyboard",
                "key" : [
                    "k"
                ]
            },
            {
                "input_method" : "keyboard",
                "key" : [
                    "UP"
                ]
            },
            {
                "input_method" : "gamepad",
                "key" : [
                    "JOY_UP"
                ]
            }
        ]
    },
    {
        "id" : "ADD_RULE",
        "category" : "AUTO_PICKUP",
        "bindings" : [
            {
                "input_method" : "keyboard",
                "key" : [
                    "a"
                ]
            },
            {
                "input_method" : "keyboard",
                "key" : [
                    "A"
                ]
            }
        ]
    },
    {
        "id" : "COPY_RULE",
        "category" : "AUTO_PICKUP",
        "bindings" : [
            {
                "input_method" : "keyboard",
                "key" : [
                    "c"
                ]
            },
            {
                "input_method" : "keyboard",
                "key" : [
                    "C"
                ]
            }
        ]
    },
    {
        "id" : "DISABLE_RULE",
        "category" : "AUTO_PICKUP",
        "bindings" : [
            {
                "input_method" : "keyboard",
                "key" : [
                    "d"
                ]
            },
            {
                "input_method" : "keyboard",
                "key" : [
                    "D"
                ]
            }
        ]
    },
    {
        "id" : "ENABLE_RULE",
        "category" : "AUTO_PICKUP",
        "bindings" : [
            {
                "input_method" : "keyboard",
                "key" : [
                    "e"
                ]
            },
            {
                "input_method" : "keyboard",
                "key" : [
                    "E"
                ]
            }
        ]
    },
    {
        "id" : "MOVE_RULE_DOWN",
        "category" : "AUTO_PICKUP",
        "bindings" : [
            {
                "input_method" : "keyboard",
                "key" : [
                    "-"
                ]
            }
        ]
    },
    {
        "id" : "MOVE_RULE_UP",
        "category" : "AUTO_PICKUP",
        "bindings" : [
            {
                "input_method" : "keyboard",
                "key" : [
                    "+"
                ]
            }
        ]
    },
    {
        "id" : "REMOVE_RULE",
        "category" : "AUTO_PICKUP",
        "bindings" : [
            {
                "input_method" : "keyboard",
                "key" : [
                    "r"
                ]
            },
            {
                "input_method" : "keyboard",
                "key" : [
                    "R"
                ]
            }
        ]
    },
    {
        "id" : "SWAP_RULE_GLOBAL_CHAR",
        "category" : "AUTO_PICKUP",
        "bindings" : [
            {
                "input_method" : "keyboard",
                "key" : [
                    "m"
                ]
            },
            {
                "input_method" : "keyboard",
                "key" : [
                    "M"
                ]
            }
        ]
    },
    {
        "id" : "SWITCH_AUTO_PICKUP_OPTION",
        "category" : "AUTO_PICKUP",
        "bindings" : [
            {
                "input_method" : "keyboard",
                "key" : [
                    "s"
                ]
            },
            {
                "input_method" : "keyboard",
                "key" : [
                    "S"
                ]
            }
        ]
    },
    {
        "id" : "TEST_RULE",
        "category" : "AUTO_PICKUP",
        "bindings" : [
            {
                "input_method" : "keyboard",
                "key" : [
                    "t"
                ]
            },
            {
                "input_method" : "keyboard",
                "key" : [
                    "T"
                ]
            }
        ]
    },
    {
        "id" : "DOWN",
        "category" : "BIONICS",
        "bindings" : [
            {
                "input_method" : "keyboard",
                "key" : [
                    "DOWN"
                ]
            },
            {
                "input_method" : "keyboard",
                "key" : [
                    "2"
                ]
            },
            {
                "input_method" : "gamepad",
                "key" : [
                    "JOY_DOWN"
                ]
            }
        ]
    },
    {
        "id" : "REASSIGN",
        "category" : "BIONICS",
        "bindings" : [
            {
                "input_method" : "keyboard",
                "key" : [
                    "="
                ]
            }
        ]
    },
    {
        "id" : "REMOVE",
        "category" : "BIONICS",
        "bindings" : [
            {
                "input_method" : "keyboard",
                "key" : [
                    "-"
                ]
            }
        ]
    },
    {
        "id" : "TOGGLE_EXAMINE",
        "category" : "BIONICS",
        "bindings" : [
            {
                "input_method" : "keyboard",
                "key" : [
                    "!"
                ]
            }
        ]
    },
    {
        "id" : "UP",
        "category" : "BIONICS",
        "bindings" : [
            {
                "input_method" : "keyboard",
                "key" : [
                    "8"
                ]
            },
            {
                "input_method" : "keyboard",
                "key" : [
                    "UP"
                ]
            },
            {
                "input_method" : "gamepad",
                "key" : [
                    "JOY_UP"
                ]
            }
        ]
    },
    {
        "id" : "HELP",
        "category" : "CARAVAN",
        "bindings" : [
            {
                "input_method" : "keyboard",
                "key" : [
                    "?"
                ]
            }
        ]
    },
    {
        "id" : "LOAD_TEMPLATE",
        "category" : "COLORS",
        "bindings" : [
            {
                "input_method" : "keyboard",
                "key" : [
                    "t"
                ]
            },
            {
                "input_method" : "keyboard",
                "key" : [
                    "T"
                ]
            }
        ]
    },
    {
        "id" : "REMOVE_CUSTOM",
        "category" : "COLORS",
        "bindings" : [
            {
                "input_method" : "keyboard",
                "key" : [
                    "r"
                ]
            },
            {
                "input_method" : "keyboard",
                "key" : [
                    "R"
                ]
            }
        ]
    },
    {
        "id" : "SCROLL_STAGE_DOWN",
        "category" : "CONSTRUCTION",
        "bindings" : [
            {
                "input_method" : "keyboard",
                "key" : [
                    "n"
                ]
            }
        ]
    },
    {
        "id" : "SCROLL_STAGE_UP",
        "category" : "CONSTRUCTION",
        "bindings" : [
            {
                "input_method" : "keyboard",
                "key" : [
                    "p"
                ]
            }
        ]
    },
    {
        "id" : "TOGGLE_UNAVAILABLE_CONSTRUCTIONS",
        "category" : "CONSTRUCTION",
        "bindings" : [
            {
                "input_method" : "keyboard",
                "key" : [
                    ";"
                ]
            }
        ]
    },
    {
        "id" : "CYCLE_BATCH",
        "category" : "CRAFTING",
        "bindings" : [
            {
                "input_method" : "keyboard",
                "key" : [
                    "b"
                ]
            }
        ]
    },
    {
        "id" : "CYCLE_MODE",
        "category" : "CRAFTING",
        "bindings" : [
            {
                "input_method" : "keyboard",
                "key" : [
                    "m"
                ]
            }
        ]
    },
    {
        "id" : "HELP_RECIPE",
        "category" : "CRAFTING",
        "bindings" : [
            {
                "input_method" : "keyboard",
                "key" : [
                    "e"
                ]
            },
            {
                "input_method" : "keyboard",
                "key" : [
                    "E"
                ]
            }
        ]
    },
    {
        "id" : "SCROLL_DOWN",
        "category" : "CRAFTING",
        "bindings" : [
            {
                "input_method" : "keyboard",
                "key" : [
                    "NPAGE"
                ]
            }
        ]
    },
    {
        "id" : "SCROLL_UP",
        "category" : "CRAFTING",
        "bindings" : [
            {
                "input_method" : "keyboard",
                "key" : [
                    "PPAGE"
                ]
            }
        ]
    },
    {
        "id" : "action_menu",
        "category" : "DEFAULTMODE",
        "bindings" : [
            
        ]
    },
    {
        "id" : "advinv",
        "category" : "DEFAULTMODE",
        "bindings" : [
            {
                "input_method" : "keyboard",
                "key" : [
                    "/"
                ]
            }
        ]
    },
    {
        "id" : "apply",
        "category" : "DEFAULTMODE",
        "bindings" : [
            {
                "input_method" : "keyboard",
                "key" : [
                    "a"
                ]
            }
        ]
    },
    {
        "id" : "apply_wielded",
        "category" : "DEFAULTMODE",
        "bindings" : [
            {
                "input_method" : "keyboard",
                "key" : [
                    "A"
                ]
            }
        ]
    },
    {
        "id" : "autoattack",
        "category" : "DEFAULTMODE",
        "bindings" : [
            {
                "input_method" : "keyboard",
                "key" : [
                    "TAB"
                ]
            }
        ]
    },
    {
        "id" : "autosafe",
        "category" : "DEFAULTMODE",
        "bindings" : [
            
        ]
    },
    {
        "id" : "bionics",
        "category" : "DEFAULTMODE",
        "bindings" : [
            {
                "input_method" : "keyboard",
                "key" : [
                    "p"
                ]
            }
        ]
    },
    {
        "id" : "butcher",
        "category" : "DEFAULTMODE",
        "bindings" : [
            {
                "input_method" : "keyboard",
                "key" : [
                    "B"
                ]
            }
        ]
    },
    {
        "id" : "center",
        "category" : "DEFAULTMODE",
        "bindings" : [
            {
                "input_method" : "keyboard",
                "key" : [
                    ":"
                ]
            }
        ]
    },
    {
        "id" : "chat",
        "category" : "DEFAULTMODE",
        "bindings" : [
            {
                "input_method" : "keyboard",
                "key" : [
                    "C"
                ]
            }
        ]
    },
    {
        "id" : "close",
        "category" : "DEFAULTMODE",
        "bindings" : [
            {
                "input_method" : "keyboard",
                "key" : [
                    "c"
                ]
            }
        ]
    },
    {
        "id" : "compare",
        "category" : "DEFAULTMODE",
        "bindings" : [
            {
                "input_method" : "keyboard",
                "key" : [
                    "I"
                ]
            }
        ]
    },
    {
        "id" : "construct",
        "category" : "DEFAULTMODE",
        "bindings" : [
            {
                "input_method" : "keyboard",
                "key" : [
                    "*"
                ]
            }
        ]
    },
    {
        "id" : "control_vehicle",
        "category" : "DEFAULTMODE",
        "bindings" : [
            {
                "input_method" : "keyboard",
                "key" : [
                    "^"
                ]
            }
        ]
    },
    {
        "id" : "craft",
        "category" : "DEFAULTMODE",
        "bindings" : [
            {
                "input_method" : "keyboard",
                "key" : [
                    "&"
                ]
            }
        ]
    },
    {
        "id" : "debug",
        "category" : "DEFAULTMODE",
        "bindings" : [
            {
                "input_method" : "keyboard",
                "key" : [
                    "`"
                ]
            }
        ]
    },
    {
        "id" : "debug_mode",
        "category" : "DEFAULTMODE",
        "bindings" : [
            {
                "input_method" : "keyboard",
                "key" : [
                    "~"
                ]
            }
        ]
    },
    {
        "id" : "debug_scent",
        "category" : "DEFAULTMODE",
        "bindings" : [
            
        ]
    },
    {
        "id" : "disassemble",
        "category" : "DEFAULTMODE",
        "bindings" : [
            {
                "input_method" : "keyboard",
                "key" : [
                    "("
                ]
            }
        ]
    },
    {
        "id" : "drop",
        "category" : "DEFAULTMODE",
        "bindings" : [
            {
                "input_method" : "keyboard",
                "key" : [
                    "d"
                ]
            }
        ]
    },
    {
        "id" : "drop_adj",
        "category" : "DEFAULTMODE",
        "bindings" : [
            {
                "input_method" : "keyboard",
                "key" : [
                    "D"
                ]
            }
        ]
    },
    {
        "id" : "eat",
        "category" : "DEFAULTMODE",
        "bindings" : [
            {
                "input_method" : "keyboard",
                "key" : [
                    "E"
                ]
            }
        ]
    },
    {
        "id" : "examine",
        "category" : "DEFAULTMODE",
        "bindings" : [
            {
                "input_method" : "keyboard",
                "key" : [
                    "e"
                ]
            }
        ]
    },
    {
        "id" : "factions",
        "category" : "DEFAULTMODE",
        "bindings" : [
            {
                "input_method" : "keyboard",
                "key" : [
                    "#"
                ]
            }
        ]
    },
    {
        "id" : "fire",
        "category" : "DEFAULTMODE",
        "bindings" : [
            {
                "input_method" : "keyboard",
                "key" : [
                    "f"
                ]
            }
        ]
    },
    {
        "id" : "fire_burst",
        "category" : "DEFAULTMODE",
        "bindings" : [
            
        ]
    },
    {
        "id" : "grab",
        "category" : "DEFAULTMODE",
        "bindings" : [
            {
                "input_method" : "keyboard",
                "key" : [
                    "G"
                ]
            }
        ]
    },
    {
        "id" : "help",
        "category" : "DEFAULTMODE",
        "bindings" : [
            {
                "input_method" : "keyboard",
                "key" : [
                    "?"
                ]
            }
        ]
    },
    {
        "id" : "ignore_enemy",
        "category" : "DEFAULTMODE",
        "bindings" : [
            {
                "input_method" : "keyboard",
                "key" : [
                    "'"
                ]
            }
        ]
    },
    {
        "id" : "inventory",
        "category" : "DEFAULTMODE",
        "bindings" : [
            {
                "input_method" : "keyboard",
                "key" : [
                    "i"
                ]
            }
        ]
    },
    {
        "id" : "item_action_menu",
        "category" : "DEFAULTMODE",
        "bindings" : [
            {
                "input_method" : "keyboard",
                "key" : [
                    "%"
                ]
            }
        ]
    },
    {
        "id" : "kills",
        "category" : "DEFAULTMODE",
        "bindings" : [
            {
                "input_method" : "keyboard",
                "key" : [
                    ")"
                ]
            }
        ]
    },
    {
        "id" : "listitems",
        "category" : "DEFAULTMODE",
        "bindings" : [
            {
                "input_method" : "keyboard",
                "key" : [
                    "V"
                ]
            }
        ]
    },
    {
        "id" : "long_craft",
        "category" : "DEFAULTMODE",
        "bindings" : [
            
        ]
    },
    {
        "id" : "look",
        "category" : "DEFAULTMODE",
        "bindings" : [
            {
                "input_method" : "keyboard",
                "key" : [
                    ";"
                ]
            },
            {
                "input_method" : "keyboard",
                "key" : [
                    "x"
                ]
            }
        ]
    },
    {
        "id" : "map",
        "category" : "DEFAULTMODE",
        "bindings" : [
            {
                "input_method" : "keyboard",
                "key" : [
                    "m"
                ]
            }
        ]
    },
    {
        "id" : "messages",
        "category" : "DEFAULTMODE",
        "bindings" : [
            {
                "input_method" : "keyboard",
                "key" : [
                    "P"
                ]
            }
        ]
    },
    {
        "id" : "missions",
        "category" : "DEFAULTMODE",
        "bindings" : [
            {
                "input_method" : "keyboard",
                "key" : [
                    "M"
                ]
            }
        ]
    },
    {
        "id" : "morale",
        "category" : "DEFAULTMODE",
        "bindings" : [
            {
                "input_method" : "keyboard",
                "key" : [
                    "v"
                ]
            }
        ]
    },
    {
        "id" : "mutations",
        "category" : "DEFAULTMODE",
        "bindings" : [
            {
                "input_method" : "keyboard",
                "key" : [
                    "["
                ]
            }
        ]
    },
    {
        "id" : "open",
        "category" : "DEFAULTMODE",
        "bindings" : [
            {
                "input_method" : "keyboard",
                "key" : [
                    "o"
                ]
            }
        ]
    },
    {
        "id" : "organize",
        "category" : "DEFAULTMODE",
        "bindings" : [
            {
                "input_method" : "keyboard",
                "key" : [
                    "="
                ]
            }
        ]
    },
    {
        "id" : "pause",
        "category" : "DEFAULTMODE",
        "bindings" : [
            {
                "input_method" : "keyboard",
                "key" : [
                    "."
                ]
            },
            {
                "input_method" : "keyboard",
                "key" : [
                    "5"
                ]
            }
        ]
    },
    {
        "id" : "peek",
        "category" : "DEFAULTMODE",
        "bindings" : [
            {
                "input_method" : "keyboard",
                "key" : [
                    "X"
                ]
            }
        ]
    },
    {
        "id" : "pick_style",
        "category" : "DEFAULTMODE",
        "bindings" : [
            {
                "input_method" : "keyboard",
                "key" : [
                    "_"
                ]
            }
        ]
    },
    {
        "id" : "pickup",
        "category" : "DEFAULTMODE",
        "bindings" : [
            {
                "input_method" : "keyboard",
                "key" : [
                    ","
                ]
            },
            {
                "input_method" : "keyboard",
                "key" : [
                    "g"
                ]
            }
        ]
    },
    {
        "id" : "player_data",
        "category" : "DEFAULTMODE",
        "bindings" : [
            {
                "input_method" : "keyboard",
                "key" : [
                    "@"
                ]
            }
        ]
    },
    {
        "id" : "quickload",
        "category" : "DEFAULTMODE",
        "bindings" : [
            
        ]
    },
    {
        "id" : "quicksave",
        "category" : "DEFAULTMODE",
        "bindings" : [
            {
                "input_method" : "keyboard",
                "key" : [
                    "Q"
                ]
            }
        ]
    },
    {
        "id" : "quit",
        "category" : "DEFAULTMODE",
        "bindings" : [
            
        ]
    },
    {
        "id" : "read",
        "category" : "DEFAULTMODE",
        "bindings" : [
            {
                "input_method" : "keyboard",
                "key" : [
                    "R"
                ]
            }
        ]
    },
    {
        "id" : "recraft",
        "category" : "DEFAULTMODE",
        "bindings" : [
            {
                "input_method" : "keyboard",
                "key" : [
                    "-"
                ]
            }
        ]
    },
    {
        "id" : "reload",
        "category" : "DEFAULTMODE",
        "bindings" : [
            {
                "input_method" : "keyboard",
                "key" : [
                    "r"
                ]
            }
        ]
    },
    {
        "id" : "safemode",
        "category" : "DEFAULTMODE",
        "bindings" : [
            {
                "input_method" : "keyboard",
                "key" : [
                    "!"
                ]
            }
        ]
    },
    {
        "id" : "save",
        "category" : "DEFAULTMODE",
        "bindings" : [
            {
                "input_method" : "keyboard",
                "key" : [
                    "S"
                ]
            }
        ]
    },
    {
        "id" : "select_fire_mode",
        "category" : "DEFAULTMODE",
        "bindings" : [
            {
                "input_method" : "keyboard",
                "key" : [
                    "F"
                ]
            }
        ]
    },
    {
        "id" : "shift_e",
        "category" : "DEFAULTMODE",
        "bindings" : [
            
        ]
    },
    {
        "id" : "shift_n",
        "category" : "DEFAULTMODE",
        "bindings" : [
            
        ]
    },
    {
        "id" : "shift_ne",
        "category" : "DEFAULTMODE",
        "bindings" : [
            
        ]
    },
    {
        "id" : "shift_nw",
        "category" : "DEFAULTMODE",
        "bindings" : [
            
        ]
    },
    {
        "id" : "shift_s",
        "category" : "DEFAULTMODE",
        "bindings" : [
            
        ]
    },
    {
        "id" : "shift_se",
        "category" : "DEFAULTMODE",
        "bindings" : [
            
        ]
    },
    {
        "id" : "shift_sw",
        "category" : "DEFAULTMODE",
        "bindings" : [
            
        ]
    },
    {
        "id" : "shift_w",
        "category" : "DEFAULTMODE",
        "bindings" : [
            
        ]
    },
    {
        "id" : "sleep",
        "category" : "DEFAULTMODE",
        "bindings" : [
            {
                "input_method" : "keyboard",
                "key" : [
                    "$"
                ]
            }
        ]
    },
    {
        "id" : "smash",
        "category" : "DEFAULTMODE",
        "bindings" : [
            {
                "input_method" : "keyboard",
                "key" : [
                    "s"
                ]
            }
        ]
    },
    {
        "id" : "sort_armor",
        "category" : "DEFAULTMODE",
        "bindings" : [
            {
                "input_method" : "keyboard",
                "key" : [
                    "+"
                ]
            }
        ]
    },
    {
        "id" : "take_off",
        "category" : "DEFAULTMODE",
        "bindings" : [
            {
                "input_method" : "keyboard",
                "key" : [
                    "T"
                ]
            }
        ]
    },
    {
        "id" : "throw",
        "category" : "DEFAULTMODE",
        "bindings" : [
            {
                "input_method" : "keyboard",
                "key" : [
                    "t"
                ]
            }
        ]
    },
    {
        "id" : "toggle_fullscreen",
        "category" : "DEFAULTMODE",
        "bindings" : [
            
        ]
    },
    {
        "id" : "toggle_move",
        "category" : "DEFAULTMODE",
        "bindings" : [
            {
                "input_method" : "keyboard",
                "key" : [
                    "\""
                ]
            }
        ]
    },
    {
        "id" : "toggle_pixel_minimap",
        "category" : "DEFAULTMODE",
        "bindings" : [
            {
                "input_method" : "keyboard",
                "key" : [
                    "N"
                ]
            }
        ]
    },
    {
        "id" : "toggle_sidebar_style",
        "category" : "DEFAULTMODE",
        "bindings" : [
            
        ]
    },
    {
        "id" : "unload",
        "category" : "DEFAULTMODE",
        "bindings" : [
            {
                "input_method" : "keyboard",
                "key" : [
                    "U"
                ]
            }
        ]
    },
    {
        "id" : "wait",
        "category" : "DEFAULTMODE",
        "bindings" : [
            {
                "input_method" : "keyboard",
                "key" : [
                    "|"
                ]
            }
        ]
    },
    {
        "id" : "wear",
        "category" : "DEFAULTMODE",
        "bindings" : [
            {
                "input_method" : "keyboard",
                "key" : [
                    "W"
                ]
            }
        ]
    },
    {
        "id" : "whitelist_enemy",
        "category" : "DEFAULTMODE",
        "bindings" : [
            
        ]
    },
    {
        "id" : "wield",
        "category" : "DEFAULTMODE",
        "bindings" : [
            {
                "input_method" : "keyboard",
                "key" : [
                    "w"
                ]
            }
        ]
    },
    {
        "id" : "zones",
        "category" : "DEFAULTMODE",
        "bindings" : [
            {
                "input_method" : "keyboard",
                "key" : [
                    "Y"
                ]
            }
        ]
    },
    {
        "id" : "zoom_in",
        "category" : "DEFAULTMODE",
        "bindings" : [
            {
                "input_method" : "keyboard",
                "key" : [
                    "z"
                ]
            }
        ]
    },
    {
        "id" : "zoom_out",
        "category" : "DEFAULTMODE",
        "bindings" : [
            {
                "input_method" : "keyboard",
                "key" : [
                    "Z"
                ]
            }
        ]
    },
    {
        "id" : "SAVE_TEMPLATE",
        "category" : "DEFENSE_SETUP",
        "bindings" : [
            {
                "input_method" : "keyboard",
                "key" : [
                    "!"
                ]
            }
        ]
    },
    {
        "id" : "START",
        "category" : "DEFENSE_SETUP",
        "bindings" : [
            {
                "input_method" : "keyboard",
                "key" : [
                    "S"
                ]
            }
        ]
    },
    {
        "id" : "EDIT_FIELDS",
        "category" : "EDITMAP",
        "bindings" : [
            {
                "input_method" : "keyboard",
                "key" : [
                    "f"
                ]
            }
        ]
    },
    {
        "id" : "EDIT_ITEMS",
        "category" : "EDITMAP",
        "bindings" : [
            {
                "input_method" : "keyboard",
                "key" : [
                    "i"
                ]
            }
        ]
    },
    {
        "id" : "EDIT_MONSTER",
        "category" : "EDITMAP",
        "bindings" : [
            {
                "input_method" : "keyboard",
                "key" : [
                    "m"
                ]
            }
        ]
    },
    {
        "id" : "EDIT_OVERMAP",
        "category" : "EDITMAP",
        "bindings" : [
            {
                "input_method" : "keyboard",
                "key" : [
                    "o"
                ]
            }
        ]
    },
    {
        "id" : "EDIT_TERRAIN",
        "category" : "EDITMAP",
        "bindings" : [
            {
                "input_method" : "keyboard",
                "key" : [
                    "g"
                ]
            }
        ]
    },
    {
        "id" : "EDIT_TRAPS",
        "category" : "EDITMAP",
        "bindings" : [
            {
                "input_method" : "keyboard",
                "key" : [
                    "t"
                ]
            }
        ]
    },
    {
        "id" : "SHOW_ALL",
        "category" : "EDITMAP",
        "bindings" : [
            {
                "input_method" : "keyboard",
                "key" : [
                    "v"
                ]
            }
        ]
    },
    {
        "id" : "RESIZE",
        "category" : "EDITMAP_SHAPE",
        "bindings" : [
            {
                "input_method" : "keyboard",
                "key" : [
                    "s"
                ]
            }
        ]
    },
    {
        "id" : "START",
        "category" : "EDITMAP_SHAPE",
        "bindings" : [
            {
                "input_method" : "keyboard",
                "key" : [
                    "z"
                ]
            }
        ]
    },
    {
        "id" : "SWAP",
        "category" : "EDITMAP_SHAPE",
        "bindings" : [
            {
                "input_method" : "keyboard",
                "key" : [
                    "y"
                ]
            }
        ]
    },
    {
        "id" : "CONFIRM_QUIT",
        "category" : "EDITMAP_TERRAIN",
        "bindings" : [
            {
                "input_method" : "keyboard",
                "key" : [
                    "g"
                ]
            }
        ]
    },
    {
        "id" : "CONFIRM_QUIT",
        "category" : "EDITMAP_TRAPS",
        "bindings" : [
            {
                "input_method" : "keyboard",
                "key" : [
                    "t"
                ]
            }
        ]
    },
    {
        "id" : "ADD_GLOBAL",
        "category" : "HELP_KEYBINDINGS",
        "bindings" : [
            {
                "input_method" : "keyboard",
                "key" : [
                    "="
                ]
            }
        ]
    },
    {
        "id" : "ADD_LOCAL",
        "category" : "HELP_KEYBINDINGS",
        "bindings" : [
            {
                "input_method" : "keyboard",
                "key" : [
                    "+"
                ]
            }
        ]
    },
    {
        "id" : "QUIT",
        "category" : "HELP_KEYBINDINGS",
        "bindings" : [
            {
                "input_method" : "keyboard",
                "key" : [
                    "ESC"
                ]
            }
        ]
    },
    {
        "id" : "REMOVE",
        "category" : "HELP_KEYBINDINGS",
        "bindings" : [
            {
                "input_method" : "keyboard",
                "key" : [
                    "-"
                ]
            }
        ]
    },
    {
        "id" : "CATEGORY_SELECTION",
        "category" : "INVENTORY",
        "bindings" : [
            {
                "input_method" : "keyboard",
                "key" : [
                    "TAB"
                ]
            }
        ]
    },
    {
        "id" : "KNIFE",
        "category" : "ITEM_ACTIONS",
        "bindings" : [
            {
                "input_method" : "keyboard",
                "key" : [
                    "k"
                ]
            }
        ]
    },
    {
        "id" : "VITAMINS",
        "category" : "ITEM_ACTIONS",
        "bindings" : [
            {
                "input_method" : "keyboard",
                "key" : [
                    "v"
                ]
            }
        ]
    },
    {
        "id" : "repair_fabric",
        "category" : "ITEM_ACTIONS",
        "bindings" : [
            {
                "input_method" : "keyboard",
                "key" : [
                    "s"
                ]
            }
        ]
    },
    {
        "id" : "repair_metal",
        "category" : "ITEM_ACTIONS",
        "bindings" : [
            {
                "input_method" : "keyboard",
                "key" : [
                    "w"
                ]
            }
        ]
    },
    {
        "id" : "COMPARE",
        "category" : "LIST_ITEMS",
        "bindings" : [
            {
                "input_method" : "keyboard",
                "key" : [
                    "I"
                ]
            },
            {
                "input_method" : "keyboard",
                "key" : [
                    "c"
                ]
            },
            {
                "input_method" : "keyboard",
                "key" : [
                    "C"
                ]
            }
        ]
    },
    {
        "id" : "EXAMINE",
        "category" : "LIST_ITEMS",
        "bindings" : [
            {
                "input_method" : "keyboard",
                "key" : [
                    "e"
                ]
            },
            {
                "input_method" : "keyboard",
                "key" : [
                    "E"
                ]
            }
        ]
    },
    {
        "id" : "PRIORITY_DECREASE",
        "category" : "LIST_ITEMS",
        "bindings" : [
            {
                "input_method" : "keyboard",
                "key" : [
                    "-"
                ]
            }
        ]
    },
    {
        "id" : "PRIORITY_INCREASE",
        "category" : "LIST_ITEMS",
        "bindings" : [
            {
                "input_method" : "keyboard",
                "key" : [
                    "+"
                ]
            }
        ]
    },
    {
        "id" : "SORT",
        "category" : "LIST_ITEMS",
        "bindings" : [
            {
                "input_method" : "keyboard",
                "key" : [
                    "s"
                ]
            },
            {
                "input_method" : "keyboard",
                "key" : [
                    "S"
                ]
            }
        ]
    },
    {
        "id" : "LIST_ITEMS",
        "category" : "LOOK",
        "bindings" : [
            {
                "input_method" : "keyboard",
                "key" : [
                    "V"
                ]
            }
        ]
    },
    {
        "id" : "DELETE_TEMPLATE",
        "category" : "MAIN_MENU",
        "bindings" : [
            {
                "input_method" : "keyboard",
                "key" : [
                    "d"
                ]
            }
        ]
    },
    {
        "id" : "FLAG",
        "category" : "MINESWEEPER",
        "bindings" : [
            {
                "input_method" : "keyboard",
                "key" : [
                    "f"
                ]
            }
        ]
    },
    {
        "id" : "NEW",
        "category" : "MINESWEEPER",
        "bindings" : [
            {
                "input_method" : "keyboard",
                "key" : [
                    "n"
                ]
            }
        ]
    },
    {
        "id" : "ADD_MOD",
        "category" : "MODMANAGER_DIALOG",
        "bindings" : [
            {
                "input_method" : "keyboard",
                "key" : [
                    "+"
                ]
            }
        ]
    },
    {
        "id" : "NEXT_CATEGORY_TAB",
        "category" : "MODMANAGER_DIALOG",
        "bindings" : [
            {
                "input_method" : "keyboard",
                "key" : [
                    "TAB"
                ]
            }
        ]
    },
    {
        "id" : "PREV_CATEGORY_TAB",
        "category" : "MODMANAGER_DIALOG",
        "bindings" : [
            {
                "input_method" : "keyboard",
                "key" : [
                    "BACKTAB"
                ]
            }
        ]
    },
    {
        "id" : "REMOVE_MOD",
        "category" : "MODMANAGER_DIALOG",
        "bindings" : [
            {
                "input_method" : "keyboard",
                "key" : [
                    "-"
                ]
            }
        ]
    },
    {
        "id" : "SAVE_DEFAULT_MODS",
        "category" : "MODMANAGER_DIALOG",
        "bindings" : [
            {
                "input_method" : "keyboard",
                "key" : [
                    "s"
                ]
            }
        ]
    },
    {
        "id" : "DOWN",
        "category" : "MUTATIONS",
        "bindings" : [
            {
                "input_method" : "keyboard",
                "key" : [
                    "DOWN"
                ]
            },
            {
                "input_method" : "keyboard",
                "key" : [
                    "2"
                ]
            },
            {
                "input_method" : "gamepad",
                "key" : [
                    "JOY_DOWN"
                ]
            }
        ]
    },
    {
        "id" : "REASSIGN",
        "category" : "MUTATIONS",
        "bindings" : [
            {
                "input_method" : "keyboard",
                "key" : [
                    "="
                ]
            }
        ]
    },
    {
        "id" : "TOGGLE_EXAMINE",
        "category" : "MUTATIONS",
        "bindings" : [
            {
                "input_method" : "keyboard",
                "key" : [
                    "!"
                ]
            }
        ]
    },
    {
        "id" : "UP",
        "category" : "MUTATIONS",
        "bindings" : [
            {
                "input_method" : "keyboard",
                "key" : [
                    "8"
                ]
            },
            {
                "input_method" : "keyboard",
                "key" : [
                    "UP"
                ]
            },
            {
                "input_method" : "gamepad",
                "key" : [
                    "JOY_UP"
                ]
            }
        ]
    },
    {
        "id" : "CHOOSE_LOCATION",
        "category" : "NEW_CHAR_DESCRIPTION",
        "bindings" : [
            {
                "input_method" : "keyboard",
                "key" : [
                    "/"
                ]
            }
        ]
    },
    {
        "id" : "PICK_RANDOM_NAME",
        "category" : "NEW_CHAR_DESCRIPTION",
        "bindings" : [
            {
                "input_method" : "keyboard",
                "key" : [
                    "*"
                ]
            }
        ]
    },
    {
        "id" : "QUIT",
        "category" : "NEW_CHAR_DESCRIPTION",
        "bindings" : [
            {
                "input_method" : "keyboard",
                "key" : [
                    "ESC"
                ]
            }
        ]
    },
    {
        "id" : "REROLL_CHARACTER",
        "category" : "NEW_CHAR_DESCRIPTION",
        "bindings" : [
            {
                "input_method" : "keyboard",
                "key" : [
                    "%"
                ]
            }
        ]
    },
    {
        "id" : "REROLL_CHARACTER_WITH_SCENARIO",
        "category" : "NEW_CHAR_DESCRIPTION",
        "bindings" : [
            {
                "input_method" : "keyboard",
                "key" : [
                    "^"
                ]
            }
        ]
    },
    {
        "id" : "SAVE_TEMPLATE",
        "category" : "NEW_CHAR_DESCRIPTION",
        "bindings" : [
            {
                "input_method" : "keyboard",
                "key" : [
                    "!"
                ]
            }
        ]
    },
    {
        "id" : "SORT",
        "category" : "NEW_CHAR_PROFESSIONS",
        "bindings" : [
            {
                "input_method" : "keyboard",
                "key" : [
                    "s"
                ]
            }
        ]
    },
    {
        "id" : "SORT",
        "category" : "NEW_CHAR_SCENARIOS",
        "bindings" : [
            {
                "input_method" : "keyboard",
                "key" : [
                    "s"
                ]
            }
        ]
    },
    {
        "id" : "SCROLL_DOWN",
        "category" : "NEW_CHAR_SKILLS",
        "bindings" : [
            {
                "input_method" : "keyboard",
                "key" : [
                    "NPAGE"
                ]
            }
        ]
    },
    {
        "id" : "SCROLL_UP",
        "category" : "NEW_CHAR_SKILLS",
        "bindings" : [
            {
                "input_method" : "keyboard",
                "key" : [
                    "PPAGE"
                ]
            }
        ]
    },
    {
        "id" : "CENTER",
        "category" : "OVERMAP",
        "bindings" : [
            {
                "input_method" : "keyboard",
                "key" : [
                    "0"
                ]
            }
        ]
    },
    {
        "id" : "CREATE_NOTE",
        "category" : "OVERMAP",
        "bindings" : [
            {
                "input_method" : "keyboard",
                "key" : [
                    "N"
                ]
            }
        ]
    },
    {
        "id" : "DELETE_NOTE",
        "category" : "OVERMAP",
        "bindings" : [
            {
                "input_method" : "keyboard",
                "key" : [
                    "D"
                ]
            }
        ]
    },
    {
        "id" : "LIST_NOTES",
        "category" : "OVERMAP",
        "bindings" : [
            {
                "input_method" : "keyboard",
                "key" : [
                    "L"
                ]
            }
        ]
    },
    {
        "id" : "PLACE_SPECIAL",
        "category" : "OVERMAP",
        "bindings" : [
            {
                "input_method" : "keyboard",
                "key" : [
                    "s"
                ]
            }
        ]
    },
    {
        "id" : "PLACE_TERRAIN",
        "category" : "OVERMAP",
        "bindings" : [
            {
                "input_method" : "keyboard",
                "key" : [
                    "t"
                ]
            }
        ]
    },
    {
        "id" : "TOGGLE_BLINKING",
        "category" : "OVERMAP",
        "bindings" : [
            {
                "input_method" : "keyboard",
                "key" : [
                    "B"
                ]
            }
        ]
    },
    {
        "id" : "TOGGLE_EXPLORED",
        "category" : "OVERMAP",
        "bindings" : [
            {
                "input_method" : "keyboard",
                "key" : [
                    "E"
                ]
            }
        ]
    },
    {
        "id" : "TOGGLE_OVERLAYS",
        "category" : "OVERMAP",
        "bindings" : [
            {
                "input_method" : "keyboard",
                "key" : [
                    "O"
                ]
            }
        ]
    },
    {
        "id" : "ROTATE",
        "category" : "OVERMAP_EDITOR",
        "bindings" : [
            {
                "input_method" : "keyboard",
                "key" : [
                    "r"
                ]
            }
        ]
    },
    {
        "id" : "DOWN",
        "category" : "PICKUP",
        "bindings" : [
            {
                "input_method" : "keyboard",
                "key" : [
                    "j"
                ]
            },
            {
                "input_method" : "keyboard",
                "key" : [
                    "DOWN"
                ]
            },
            {
                "input_method" : "gamepad",
                "key" : [
                    "JOY_DOWN"
                ]
            }
        ]
    },
    {
        "id" : "LEFT",
        "category" : "PICKUP",
        "bindings" : [
            {
                "input_method" : "keyboard",
                "key" : [
                    "h"
                ]
            },
            {
                "input_method" : "keyboard",
                "key" : [
                    "LEFT"
                ]
            },
            {
                "input_method" : "gamepad",
                "key" : [
                    "JOY_LEFT"
                ]
            }
        ]
    },
    {
        "id" : "RIGHT",
        "category" : "PICKUP",
        "bindings" : [
            {
                "input_method" : "keyboard",
                "key" : [
                    "l"
                ]
            },
            {
                "input_method" : "keyboard",
                "key" : [
                    "RIGHT"
                ]
            },
            {
                "input_method" : "gamepad",
                "key" : [
                    "JOY_RIGHT"
                ]
            }
        ]
    },
    {
        "id" : "SCROLL_DOWN",
        "category" : "PICKUP",
        "bindings" : [
            {
                "input_method" : "keyboard",
                "key" : [
                    "NPAGE"
                ]
            }
        ]
    },
    {
        "id" : "SCROLL_UP",
        "category" : "PICKUP",
        "bindings" : [
            {
                "input_method" : "keyboard",
                "key" : [
                    "PPAGE"
                ]
            }
        ]
    },
    {
        "id" : "SELECT_ALL",
        "category" : "PICKUP",
        "bindings" : [
            {
                "input_method" : "keyboard",
                "key" : [
                    ","
                ]
            }
        ]
    },
    {
        "id" : "UP",
        "category" : "PICKUP",
        "bindings" : [
            {
                "input_method" : "keyboard",
                "key" : [
                    "k"
                ]
            },
            {
                "input_method" : "keyboard",
                "key" : [
                    "UP"
                ]
            },
            {
                "input_method" : "gamepad",
                "key" : [
                    "JOY_UP"
                ]
            }
        ]
    },
    {
        "id" : "ADD_RULE",
        "category" : "SAFEMODE",
        "bindings" : [
            {
                "input_method" : "keyboard",
                "key" : [
                    "a"
                ]
            },
            {
                "input_method" : "keyboard",
                "key" : [
                    "A"
                ]
            }
        ]
    },
    {
        "id" : "COPY_RULE",
        "category" : "SAFEMODE",
        "bindings" : [
            {
                "input_method" : "keyboard",
                "key" : [
                    "c"
                ]
            },
            {
                "input_method" : "keyboard",
                "key" : [
                    "C"
                ]
            }
        ]
    },
    {
        "id" : "DISABLE_RULE",
        "category" : "SAFEMODE",
        "bindings" : [
            {
                "input_method" : "keyboard",
                "key" : [
                    "d"
                ]
            },
            {
                "input_method" : "keyboard",
                "key" : [
                    "D"
                ]
            }
        ]
    },
    {
        "id" : "ENABLE_RULE",
        "category" : "SAFEMODE",
        "bindings" : [
            {
                "input_method" : "keyboard",
                "key" : [
                    "e"
                ]
            },
            {
                "input_method" : "keyboard",
                "key" : [
                    "E"
                ]
            }
        ]
    },
    {
        "id" : "MOVE_RULE_DOWN",
        "category" : "SAFEMODE",
        "bindings" : [
            {
                "input_method" : "keyboard",
                "key" : [
                    "-"
                ]
            }
        ]
    },
    {
        "id" : "MOVE_RULE_UP",
        "category" : "SAFEMODE",
        "bindings" : [
            {
                "input_method" : "keyboard",
                "key" : [
                    "+"
                ]
            }
        ]
    },
    {
        "id" : "REMOVE_RULE",
        "category" : "SAFEMODE",
        "bindings" : [
            {
                "input_method" : "keyboard",
                "key" : [
                    "r"
                ]
            },
            {
                "input_method" : "keyboard",
                "key" : [
                    "R"
                ]
            }
        ]
    },
    {
        "id" : "SWAP_RULE_GLOBAL_CHAR",
        "category" : "SAFEMODE",
        "bindings" : [
            {
                "input_method" : "keyboard",
                "key" : [
                    "m"
                ]
            },
            {
                "input_method" : "keyboard",
                "key" : [
                    "M"
                ]
            }
        ]
    },
    {
        "id" : "SWITCH_SAFEMODE_OPTION",
        "category" : "SAFEMODE",
        "bindings" : [
            {
                "input_method" : "keyboard",
                "key" : [
                    "s"
                ]
            },
            {
                "input_method" : "keyboard",
                "key" : [
                    "S"
                ]
            }
        ]
    },
    {
        "id" : "TEST_RULE",
        "category" : "SAFEMODE",
        "bindings" : [
            {
                "input_method" : "keyboard",
                "key" : [
                    "t"
                ]
            },
            {
                "input_method" : "keyboard",
                "key" : [
                    "T"
                ]
            }
        ]
    },
    {
        "id" : "NEXT",
        "category" : "SOKOBAN",
        "bindings" : [
            {
                "input_method" : "keyboard",
                "key" : [
                    "+"
                ]
            }
        ]
    },
    {
        "id" : "PREV",
        "category" : "SOKOBAN",
        "bindings" : [
            {
                "input_method" : "keyboard",
                "key" : [
                    "-"
                ]
            }
        ]
    },
    {
        "id" : "UNDO",
        "category" : "SOKOBAN",
        "bindings" : [
            {
                "input_method" : "keyboard",
                "key" : [
                    "u"
                ]
            }
        ]
    },
    {
        "id" : "ASSIGN_INVLETS",
        "category" : "SORT_ARMOR",
        "bindings" : [
            {
                "input_method" : "keyboard",
                "key" : [
                    "r"
                ]
            }
        ]
    },
    {
        "id" : "CHANGE_SIDE",
        "category" : "SORT_ARMOR",
        "bindings" : [
            {
                "input_method" : "keyboard",
                "key" : [
                    "c"
                ]
            }
        ]
    },
    {
        "id" : "EQUIP_ARMOR",
        "category" : "SORT_ARMOR",
        "bindings" : [
            {
                "input_method" : "keyboard",
                "key" : [
                    "e"
                ]
            }
        ]
    },
    {
        "id" : "MOVE_ARMOR",
        "category" : "SORT_ARMOR",
        "bindings" : [
            {
                "input_method" : "keyboard",
                "key" : [
                    "s"
                ]
            },
            {
                "input_method" : "keyboard",
                "key" : [
                    "RETURN"
                ]
            }
        ]
    },
    {
        "id" : "REMOVE_ARMOR",
        "category" : "SORT_ARMOR",
        "bindings" : [
            {
                "input_method" : "keyboard",
                "key" : [
                    "u"
                ]
            }
        ]
    },
    {
        "id" : "USAGE_HELP",
        "category" : "SORT_ARMOR",
        "bindings" : [
            {
                "input_method" : "keyboard",
                "key" : [
                    "F1"
                ]
            }
        ]
    },
    {
        "id" : "CONTROL_ENGINES",
        "category" : "VEHICLE",
        "bindings" : [
            {
                "input_method" : "keyboard",
                "key" : [
                    "y"
                ]
            }
        ]
    },
    {
        "id" : "FOLD_VEHICLE",
        "category" : "VEHICLE",
        "bindings" : [
            {
                "input_method" : "keyboard",
                "key" : [
                    "f"
                ]
            }
        ]
    },
    {
        "id" : "RELEASE_CONTROLS",
        "category" : "VEHICLE",
        "bindings" : [
            {
                "input_method" : "keyboard",
                "key" : [
                    "l"
                ]
            }
        ]
    },
    {
        "id" : "SOUND_HORN",
        "category" : "VEHICLE",
        "bindings" : [
            {
                "input_method" : "keyboard",
                "key" : [
                    "n"
                ]
            }
        ]
    },
    {
        "id" : "TOGGLE_AISLE_LIGHT",
        "category" : "VEHICLE",
        "bindings" : [
            {
                "input_method" : "keyboard",
                "key" : [
                    "a"
                ]
            }
        ]
    },
    {
        "id" : "TOGGLE_ALARM",
        "category" : "VEHICLE",
        "bindings" : [
            {
                "input_method" : "keyboard",
                "key" : [
                    "z"
                ]
            }
        ]
    },
    {
        "id" : "TOGGLE_ATOMIC_LIGHT",
        "category" : "VEHICLE",
        "bindings" : [
            {
                "input_method" : "keyboard",
                "key" : [
                    "A"
                ]
            }
        ]
    },
    {
        "id" : "TOGGLE_CAMERA",
        "category" : "VEHICLE",
        "bindings" : [
            {
                "input_method" : "keyboard",
                "key" : [
                    "M"
                ]
            }
        ]
    },
    {
        "id" : "TOGGLE_CHIMES",
        "category" : "VEHICLE",
        "bindings" : [
            {
                "input_method" : "keyboard",
                "key" : [
                    "i"
                ]
            }
        ]
    },
    {
        "id" : "TOGGLE_CRUISE_CONTROL",
        "category" : "VEHICLE",
        "bindings" : [
            {
                "input_method" : "keyboard",
                "key" : [
                    "c"
                ]
            }
        ]
    },
    {
        "id" : "TOGGLE_DOME_LIGHT",
        "category" : "VEHICLE",
        "bindings" : [
            {
                "input_method" : "keyboard",
                "key" : [
                    "d"
                ]
            }
        ]
    },
    {
        "id" : "TOGGLE_DOORS",
        "category" : "VEHICLE",
        "bindings" : [
            {
                "input_method" : "keyboard",
                "key" : [
                    "D"
                ]
            }
        ]
    },
    {
        "id" : "TOGGLE_ENGINE",
        "category" : "VEHICLE",
        "bindings" : [
            {
                "input_method" : "keyboard",
                "key" : [
                    "e"
                ]
            }
        ]
    },
    {
        "id" : "TOGGLE_FRIDGE",
        "category" : "VEHICLE",
        "bindings" : [
            {
                "input_method" : "keyboard",
                "key" : [
                    "f"
                ]
            }
        ]
    },
    {
        "id" : "TOGGLE_HEADLIGHT",
        "category" : "VEHICLE",
        "bindings" : [
            {
                "input_method" : "keyboard",
                "key" : [
                    "h"
                ]
            }
        ]
    },
    {
        "id" : "TOGGLE_OVERHEAD_LIGHT",
        "category" : "VEHICLE",
        "bindings" : [
            {
                "input_method" : "keyboard",
                "key" : [
                    "o"
                ]
            }
        ]
    },
    {
        "id" : "TOGGLE_PLANTER",
        "category" : "VEHICLE",
        "bindings" : [
            {
                "input_method" : "keyboard",
                "key" : [
                    "P"
                ]
            }
        ]
    },
    {
        "id" : "TOGGLE_PLOW",
        "category" : "VEHICLE",
        "bindings" : [
            {
                "input_method" : "keyboard",
                "key" : [
                    "w"
                ]
            }
        ]
    },
    {
        "id" : "TOGGLE_REACTOR",
        "category" : "VEHICLE",
        "bindings" : [
            {
                "input_method" : "keyboard",
                "key" : [
                    "k"
                ]
            }
        ]
    },
    {
        "id" : "TOGGLE_REAPER",
        "category" : "VEHICLE",
        "bindings" : [
            {
                "input_method" : "keyboard",
                "key" : [
                    "H"
                ]
            }
        ]
    },
    {
        "id" : "TOGGLE_RECHARGER",
        "category" : "VEHICLE",
        "bindings" : [
            {
                "input_method" : "keyboard",
                "key" : [
                    "g"
                ]
            }
        ]
    },
    {
        "id" : "TOGGLE_SCOOP",
        "category" : "VEHICLE",
        "bindings" : [
            {
                "input_method" : "keyboard",
                "key" : [
                    "S"
                ]
            }
        ]
    },
    {
        "id" : "TOGGLE_STEREO",
        "category" : "VEHICLE",
        "bindings" : [
            {
                "input_method" : "keyboard",
                "key" : [
                    "m"
                ]
            }
        ]
    },
    {
        "id" : "TOGGLE_TRACKING",
        "category" : "VEHICLE",
        "bindings" : [
            {
                "input_method" : "keyboard",
                "key" : [
                    "K"
                ]
            }
        ]
    },
    {
        "id" : "TURRET_FIRE_MODE",
        "category" : "VEHICLE",
        "bindings" : [
            {
                "input_method" : "keyboard",
                "key" : [
                    "x"
                ]
            }
        ]
    },
    {
        "id" : "TURRET_MANUAL_AIM",
        "category" : "VEHICLE",
        "bindings" : [
            {
                "input_method" : "keyboard",
                "key" : [
                    "X"
                ]
            }
        ]
    },
    {
        "id" : "TURRET_TARGET_MODE",
        "category" : "VEHICLE",
        "bindings" : [
            {
                "input_method" : "keyboard",
                "key" : [
                    "t"
                ]
            }
        ]
    },
    {
        "id" : "INSTALL",
        "category" : "VEH_INTERACT",
        "bindings" : [
            {
                "input_method" : "keyboard",
                "key" : [
                    "i"
                ]
            }
        ]
    },
    {
        "id" : "MEND",
        "category" : "VEH_INTERACT",
        "bindings" : [
            {
                "input_method" : "keyboard",
                "key" : [
                    "m"
                ]
            }
        ]
    },
    {
        "id" : "REFILL",
        "category" : "VEH_INTERACT",
        "bindings" : [
            {
                "input_method" : "keyboard",
                "key" : [
                    "f"
                ]
            }
        ]
    },
    {
        "id" : "RELABEL",
        "category" : "VEH_INTERACT",
        "bindings" : [
            {
                "input_method" : "keyboard",
                "key" : [
                    "a"
                ]
            }
        ]
    },
    {
        "id" : "REMOVE",
        "category" : "VEH_INTERACT",
        "bindings" : [
            {
                "input_method" : "keyboard",
                "key" : [
                    "o"
                ]
            }
        ]
    },
    {
        "id" : "RENAME",
        "category" : "VEH_INTERACT",
        "bindings" : [
            {
                "input_method" : "keyboard",
                "key" : [
                    "e"
                ]
            }
        ]
    },
    {
        "id" : "REPAIR",
        "category" : "VEH_INTERACT",
        "bindings" : [
            {
                "input_method" : "keyboard",
                "key" : [
                    "r"
                ]
            }
        ]
    },
    {
        "id" : "SIPHON",
        "category" : "VEH_INTERACT",
        "bindings" : [
            {
                "input_method" : "keyboard",
                "key" : [
                    "s"
                ]
            }
        ]
    },
    {
        "id" : "TIRE_CHANGE",
        "category" : "VEH_INTERACT",
        "bindings" : [
            {
                "input_method" : "keyboard",
                "key" : [
                    "c"
                ]
            }
        ]
    },
    {
        "id" : "PICK_RANDOM_WORLDNAME",
        "category" : "WORLDGEN_CONFIRM_DIALOG",
        "bindings" : [
            {
                "input_method" : "keyboard",
                "key" : [
                    "*"
                ]
            }
        ]
    },
    {
        "id" : "QUIT",
        "category" : "WORLDGEN_CONFIRM_DIALOG",
        "bindings" : [
            {
                "input_method" : "keyboard",
                "key" : [
                    "ESC"
                ]
            }
        ]
    },
    {
        "id" : "ADD_ZONE",
        "category" : "ZONES_MANAGER",
        "bindings" : [
            {
                "input_method" : "keyboard",
                "key" : [
                    "a"
                ]
            },
            {
                "input_method" : "keyboard",
                "key" : [
                    "A"
                ]
            }
        ]
    },
    {
        "id" : "DISABLE_ZONE",
        "category" : "ZONES_MANAGER",
        "bindings" : [
            {
                "input_method" : "keyboard",
                "key" : [
                    "d"
                ]
            },
            {
                "input_method" : "keyboard",
                "key" : [
                    "D"
                ]
            }
        ]
    },
    {
        "id" : "ENABLE_ZONE",
        "category" : "ZONES_MANAGER",
        "bindings" : [
            {
                "input_method" : "keyboard",
                "key" : [
                    "e"
                ]
            },
            {
                "input_method" : "keyboard",
                "key" : [
                    "E"
                ]
            }
        ]
    },
    {
        "id" : "MOVE_ZONE_DOWN",
        "category" : "ZONES_MANAGER",
        "bindings" : [
            {
                "input_method" : "keyboard",
                "key" : [
                    "-"
                ]
            }
        ]
    },
    {
        "id" : "MOVE_ZONE_UP",
        "category" : "ZONES_MANAGER",
        "bindings" : [
            {
                "input_method" : "keyboard",
                "key" : [
                    "+"
                ]
            }
        ]
    },
    {
        "id" : "REMOVE_ZONE",
        "category" : "ZONES_MANAGER",
        "bindings" : [
            {
                "input_method" : "keyboard",
                "key" : [
                    "r"
                ]
            },
            {
                "input_method" : "keyboard",
                "key" : [
                    "R"
                ]
            }
        ]
    },
    {
        "id" : "SHOW_ZONE_ON_MAP",
        "category" : "ZONES_MANAGER",
        "bindings" : [
            {
                "input_method" : "keyboard",
                "key" : [
                    "m"
                ]
            },
            {
                "input_method" : "keyboard",
                "key" : [
                    "M"
                ]
            }
        ]
    },
    {
        "id" : "AIM",
        "category" : "default",
        "bindings" : [
            {
                "input_method" : "keyboard",
                "key" : [
                    "."
                ]
            },
            {
                "input_method" : "keyboard",
                "key" : [
                    "5"
                ]
            }
        ]
    },
    {
        "id" : "AIMED_SHOT",
        "category" : "default",
        "bindings" : [
            {
                "input_method" : "keyboard",
                "key" : [
                    "a"
                ]
            }
        ]
    },
    {
        "id" : "ANY_INPUT",
        "category" : "default",
        "bindings" : [
            
        ]
    },
    {
        "id" : "CAREFUL_SHOT",
        "category" : "default",
        "bindings" : [
            {
                "input_method" : "keyboard",
                "key" : [
                    "c"
                ]
            }
        ]
    },
    {
        "id" : "CHANGE_GENDER",
        "category" : "default",
        "bindings" : [
            {
                "input_method" : "keyboard",
                "key" : [
                    "@"
                ]
            }
        ]
    },
    {
        "id" : "CONFIRM",
        "category" : "default",
        "bindings" : [
            {
                "input_method" : "keyboard",
                "key" : [
                    "RETURN"
                ]
            }
        ]
    },
    {
        "id" : "COORDINATE",
        "category" : "default",
        "bindings" : [
            
        ]
    },
    {
        "id" : "DOWN",
        "category" : "default",
        "bindings" : [
            {
                "input_method" : "keyboard",
                "key" : [
                    "2"
                ]
            },
            {
                "input_method" : "keyboard",
                "key" : [
                    "DOWN"
                ]
            }
        ]
    },
    {
        "id" : "DOWN_WIDE",
        "category" : "default",
        "bindings" : [
            {
                "input_method" : "keyboard",
                "key" : [
                    "J"
                ]
            }
        ]
    },
    {
        "id" : "EDITMAP_MOVE",
        "category" : "default",
        "bindings" : [
            {
                "input_method" : "keyboard",
                "key" : [
                    "m"
                ]
            }
        ]
    },
    {
        "id" : "EDITMAP_SHOW_ALL",
        "category" : "default",
        "bindings" : [
            {
                "input_method" : "keyboard",
                "key" : [
                    "v"
                ]
            }
        ]
    },
    {
        "id" : "EDITMAP_TAB",
        "category" : "default",
        "bindings" : [
            {
                "input_method" : "keyboard",
                "key" : [
                    "TAB"
                ]
            }
        ]
    },
    {
        "id" : "FILTER",
        "category" : "default",
        "bindings" : [
            {
                "input_method" : "keyboard",
                "key" : [
                    "f"
                ]
            },
            {
                "input_method" : "keyboard",
                "key" : [
                    "F"
                ]
            },
            {
                "input_method" : "keyboard",
                "key" : [
                    "/"
                ]
            }
        ]
    },
    {
        "id" : "FIRE",
        "category" : "default",
        "bindings" : [
            {
                "input_method" : "keyboard",
                "key" : [
                    "f"
                ]
            },
            {
                "input_method" : "keyboard",
                "key" : [
                    "F"
                ]
            },
            {
                "input_method" : "keyboard",
                "key" : [
                    "RETURN"
                ]
            },
            {
                "input_method" : "mouse",
                "key" : [
                    "MOUSE_RIGHT"
                ]
            }
        ]
    },
    {
        "id" : "HELP_KEYBINDINGS",
        "category" : "default",
        "bindings" : [
            {
                "input_method" : "keyboard",
                "key" : [
                    "?"
                ]
            }
        ]
    },
    {
        "id" : "LEFT",
        "category" : "default",
        "bindings" : [
            {
                "input_method" : "keyboard",
                "key" : [
                    "4"
                ]
            },
            {
                "input_method" : "keyboard",
                "key" : [
                    "LEFT"
                ]
            }
        ]
    },
    {
        "id" : "LEFTDOWN",
        "category" : "default",
        "bindings" : [
            {
                "input_method" : "keyboard",
                "key" : [
                    "1"
                ]
            }
        ]
    },
    {
        "id" : "LEFTUP",
        "category" : "default",
        "bindings" : [
            {
                "input_method" : "keyboard",
                "key" : [
                    "7"
                ]
            }
        ]
    },
    {
        "id" : "LEFT_WIDE",
        "category" : "default",
        "bindings" : [
            {
                "input_method" : "keyboard",
                "key" : [
                    "H"
                ]
            }
        ]
    },
    {
        "id" : "LEVEL_DOWN",
        "category" : "default",
        "bindings" : [
            {
                "input_method" : "keyboard",
                "key" : [
                    ">"
                ]
            }
        ]
    },
    {
        "id" : "LEVEL_UP",
        "category" : "default",
        "bindings" : [
            {
                "input_method" : "keyboard",
                "key" : [
                    "<"
                ]
            }
        ]
    },
    {
        "id" : "MOUSE_MOVE",
        "category" : "default",
        "bindings" : [
            {
                "input_method" : "mouse",
                "key" : [
                    "MOUSE_MOVE"
                ]
            }
        ]
    },
    {
        "id" : "NEXT_TAB",
        "category" : "default",
        "bindings" : [
            {
                "input_method" : "keyboard",
                "key" : [
                    "TAB"
                ]
            },
            {
                "input_method" : "keyboard",
                "key" : [
                    ">"
                ]
            }
        ]
    },
    {
        "id" : "NEXT_TARGET",
        "category" : "default",
        "bindings" : [
            {
                "input_method" : "mouse",
                "key" : [
                    "SCROLL_DOWN"
                ]
            },
            {
                "input_method" : "keyboard",
                "key" : [
                    "NPAGE"
                ]
            },
            {
                "input_method" : "keyboard",
                "key" : [
                    ">"
                ]
            }
        ]
    },
    {
        "id" : "PAGE_DOWN",
        "category" : "default",
        "bindings" : [
            {
                "input_method" : "keyboard",
                "key" : [
                    "NPAGE"
                ]
            }
        ]
    },
    {
        "id" : "PAGE_UP",
        "category" : "default",
        "bindings" : [
            {
                "input_method" : "keyboard",
                "key" : [
                    "PPAGE"
                ]
            }
        ]
    },
    {
        "id" : "PRECISE_SHOT",
        "category" : "default",
        "bindings" : [
            {
                "input_method" : "keyboard",
                "key" : [
                    "p"
                ]
            }
        ]
    },
    {
        "id" : "PREV_TAB",
        "category" : "default",
        "bindings" : [
            {
                "input_method" : "keyboard",
                "key" : [
                    "BACKTAB"
                ]
            },
            {
                "input_method" : "keyboard",
                "key" : [
                    "<"
                ]
            }
        ]
    },
    {
        "id" : "PREV_TARGET",
        "category" : "default",
        "bindings" : [
            {
                "input_method" : "mouse",
                "key" : [
                    "SCROLL_UP"
                ]
            },
            {
                "input_method" : "keyboard",
                "key" : [
                    "PPAGE"
                ]
            },
            {
                "input_method" : "keyboard",
                "key" : [
                    "<"
                ]
            }
        ]
    },
    {
        "id" : "QUIT",
        "category" : "default",
        "bindings" : [
            {
                "input_method" : "keyboard",
                "key" : [
                    "ESC"
                ]
            },
            {
                "input_method" : "keyboard",
                "key" : [
                    "q"
                ]
            },
            {
                "input_method" : "keyboard",
                "key" : [
                    "Q"
                ]
            },
            {
                "input_method" : "keyboard",
                "key" : [
                    "SPACE"
                ]
            },
            {
                "input_method" : "gamepad",
                "key" : [
                    "JOY_3"
                ]
            }
        ]
    },
    {
        "id" : "RESET_FILTER",
        "category" : "default",
        "bindings" : [
            {
                "input_method" : "keyboard",
                "key" : [
                    "r"
                ]
            },
            {
                "input_method" : "keyboard",
                "key" : [
                    "R"
                ]
            }
        ]
    },
    {
        "id" : "RIGHT",
        "category" : "default",
        "bindings" : [
            {
                "input_method" : "keyboard",
                "key" : [
                    "6"
                ]
            },
            {
                "input_method" : "keyboard",
                "key" : [
                    "RIGHT"
                ]
            }
        ]
    },
    {
        "id" : "RIGHTDOWN",
        "category" : "default",
        "bindings" : [
            {
                "input_method" : "keyboard",
                "key" : [
                    "3"
                ]
            }
        ]
    },
    {
        "id" : "RIGHTUP",
        "category" : "default",
        "bindings" : [
            {
                "input_method" : "keyboard",
                "key" : [
                    "9"
                ]
            }
        ]
    },
    {
        "id" : "RIGHT_WIDE",
        "category" : "default",
        "bindings" : [
            {
                "input_method" : "keyboard",
                "key" : [
                    "L"
                ]
            }
        ]
    },
    {
        "id" : "SEARCH",
        "category" : "default",
        "bindings" : [
            {
                "input_method" : "keyboard",
                "key" : [
                    "/"
                ]
            }
        ]
    },
    {
        "id" : "SEC_SELECT",
        "category" : "default",
        "bindings" : [
            {
                "input_method" : "mouse",
                "key" : [
                    "MOUSE_RIGHT"
                ]
            }
        ]
    },
    {
        "id" : "SELECT",
        "category" : "default",
        "bindings" : [
            {
                "input_method" : "mouse",
                "key" : [
                    "MOUSE_LEFT"
                ]
            }
        ]
    },
    {
        "id" : "SWITCH_AIM",
        "category" : "default",
        "bindings" : [
            {
                "input_method" : "keyboard",
                "key" : [
                    "m"
                ]
            }
        ]
    },
    {
        "id" : "SWITCH_MODE",
        "category" : "default",
        "bindings" : [
            {
                "input_method" : "keyboard",
                "key" : [
                    "s"
                ]
            }
        ]
    },
    {
        "id" : "TOGGLE_FAST_SCROLL",
        "category" : "default",
        "bindings" : [
            {
                "input_method" : "keyboard",
                "key" : [
                    "f"
                ]
            }
        ]
    },
    {
        "id" : "TOGGLE_SNAP_TO_TARGET",
        "category" : "default",
        "bindings" : [
            {
                "input_method" : "keyboard",
                "key" : [
                    "*"
                ]
            }
        ]
    },
    {
        "id" : "TRAVEL_TO",
        "category" : "default",
        "bindings" : [
            {
                "input_method" : "keyboard",
                "key" : [
                    "t"
                ]
            }
        ]
    },
    {
        "id" : "UP",
        "category" : "default",
        "bindings" : [
            {
                "input_method" : "keyboard",
                "key" : [
                    "8"
                ]
            },
            {
                "input_method" : "keyboard",
                "key" : [
                    "UP"
                ]
            }
        ]
    },
    {
        "id" : "UP_WIDE",
        "category" : "default",
        "bindings" : [
            {
                "input_method" : "keyboard",
                "key" : [
                    "K"
                ]
            }
        ]
    }
]