[
  {
    "type": "region_settings",
    "id": "default",                "//": "identifier, when region_map is in it will determine alternatives ('desert' etc)",
    "house_basement_chance": 5,           "//": "one_in(n) houses with basements",
    "default_oter": "field",            "//": "default oter_id (anything that isn't a house/road/etc) some become forests",
    "default_groundcover": [
      [ "t_grass", 7850 ], [ "t_dirt",  2130 ], [ "t_tree_young", 15 ], [ "t_dirtmound", 3 ], [ "t_tree", 1 ], [ "t_tree_pine", 1 ]
    ],
    "field_coverage": {             "//": "biome settings for builtin field mapgen. The values below replicate results of hardcoded 'field' mapgen",
      "percent_coverage": 0.9000,       "//": "% of tiles that have a plant: one_in(120)",
      "default_ter": "t_shrub",         "//": "default plant",
      "other": {                  "//": "% of plants/features that aren't default_ter",
        "t_shrub_blueberry": 0.2500,
        "t_shrub_strawberry": 0.2500,
        "f_mutpoppy": 8.3333,
        "f_bluebell": 8.3333,
        "f_dahlia": 8.3333,
        "f_datura": 4.3333,
        "f_dandelion": 8.3333,
        "f_boulder_small": 1,
        "f_boulder_medium": 0.6666,
        "f_boulder_large": 0.3333
      },
      "boost_chance": 0.833,            "//": "% of fields with boosted plant growth",
      "boosted_percent_coverage": 2.5,  "//": "for the above: total percent coverage jumps to this amount",
      "boosted_other": {              "//": "...and the first non-default picked from this list...",
        "t_shrub_blueberry": 40.0,
        "t_shrub_strawberry": 30.0,
        "f_mutpoppy": 6.6,
        "f_bluebell": 6.6,
        "f_dahlia": 6.6,
        "f_datura": 0.2,
        "f_dandelion": 6.6
      },
      "boosted_other_percent": 50.0,    "//": "...accounts for this % of total coverage"
      },
      "map_extras": {      
        "//": "mapping for weighted lists of extras",
        "field": {
          "//": "More helicoptor and drugs and goodies.",
          "chance": 101,
          "extras": {
            "mx_helicopter": 30,
            "mx_military": 15,
            "mx_science": 25,
            "mx_collegekids": 50,
            "mx_drugdeal": 25,
            "mx_supplydrop": 15,
            "mx_portal": 5,
            "mx_minefield": 10,
            "mx_crater": 15,
            "mx_fumarole": 10,
            "mx_portal_in": 1,
            "mx_anomaly": 5
          }
        },
        "road": {
          "//": "More stuff in the way",
          "chance": 75,
          "extras": {
            "mx_helicopter": 30,
            "mx_military": 15,
            "mx_science": 25,
            "mx_collegekids": 50,
            "mx_roadblock": 80,
            "mx_drugdeal": 20,
            "mx_supplydrop": 15,
            "mx_portal": 5,
            "mx_minefield": 80,
            "mx_crater": 50,
            "mx_fumarole": 15,
            "mx_portal_in": 1,
            "mx_anomaly": 3
          }
        },
        "building": {
          "//": "More drugs and craters and kids",
          "chance": 60,
          "extras": {
            "mx_military": 5,
            "mx_science": 10,
            "mx_collegekids": 25,
            "mx_drugdeal": 25,
            "mx_supplydrop": 10,
            "mx_portal": 5,
            "mx_crater": 80,
            "mx_fumarole": 5,
            "mx_portal_in": 2,
            "mx_anomaly": 3
          }
        },
        "subway": {
          "//": "More anomalies",
          "chance": 50,
          "extras": {
            "mx_military": 5,
            "mx_science": 15,
            "mx_collegekids": 15,
            "mx_supplydrop": 10,
            "mx_portal": 10,
            "mx_crater": 15,
            "mx_minefield": 5,
            "mx_fumarole": 25,
            "mx_portal_in": 3,
            "mx_anomaly": 5
          }
        },
        "doom": {
          "//": "radiation, lava, and supplies",
          "chance": 25,
          "extras": {
            "mx_military": 15,
            "mx_science": 25,
            "mx_collegekids": 5,
            "mx_supplydrop": 15,
            "mx_portal": 10,
            "mx_crater": 20,
            "mx_fumarole": 40,
            "mx_portal_in": 10,
            "mx_anomaly": 15
          }
        }
      },
      "num_forests": 250,             "//": "# of forest chunks",
      "forest_size_min": 12,              "//": "size range of forest chunk",
      "forest_size_max": 60,              "//": "note: 32400 tiles in omap, 250*minmax = 3750-10000 default_oters become forests",
      "swamp_maxsize": 6,             "//": "SWAMPINESS // Affects the size of a swamp",
      "swamp_river_influence": 4,           "//": "voodoo magic sauce: more increases swampyness of forests around rivers",
      "swamp_spread_chance": 2500,          "//": "one_in(n) chance a swampy forest makes a swamp in a non-forest. Apparently.",
      "city": {
        "type": "town",
        "shop_radius": 80,              "//": "determine radial frequency of shops / parks / houses for towns. tldr: less means more",
        "park_radius": 130,             "//": "this is not a cut and dry % but rather an inverse voodoo number; rng(0,99) > VOODOO * distance / citysize;",
        "parks": {                  "//": "weighted list for park overmap terrains",
          "park": 4,
          "pool": 1
        },
        "shops": {                  "//": "weighted list of oterrains for commercial zoning",
          "s_gas": 5,
          "s_pharm": 3,
          "s_grocery": 15,
          "s_hardware": 5,
          "s_sports": 5,
          "dojo": 2,
          "gym": 1,
          "gym_fitness": 2,
          "s_liquor": 5,
          "s_gun": 5,
          "s_clothes": 5,
          "s_library": 2,
          "s_bookstore": 2,
          "s_restaurant": 4,
          "sub_station": 5,
          "bank": 3,
          "s_pizza_parlor": 4,
          "bar": 4,
          "s_electronics": 5,
          "pawn": 3,
          "mil_surplus": 2,
          "s_garage": 5,
          "station_radio": 4,
          "office_doctor": 2,
          "s_restaurant_fast": 4,
          "s_restaurant_coffee": 3,
          "s_teashop": 1,
          "bowling_alley": 2,
          "church": 2,
          "office_cubical": 2,
          "furniture": 2,
          "abstorefront": 2,
          "police": 1,
          "fire_station": 2,
          "home_improvement": 2,
          "s_lot": 4,
          "s_arcade": 2,
          "s_jewelry":2,
          "s_antique": 2,
          "s_gardening": 2,
          "museum": 1,
          "s_music": 2,
          "s_laundromat": 1,
          "veterinarian": 2,
          "mortuary": 1
        }
      },
      "weather": {
        "base_temperature" : 5.0,
        "base_humidity" : 58.0,
        "base_pressure" : 1025.0,
        "base_acid" : 0.0
     }
   }
]
