[
  {
    "type": "region_settings",
    "id": "default",
    "default_oter": "field",
    "default_groundcover": [
      [ "t_grass", 7850 ],
      [ "t_dirt", 2130 ],
      [ "t_tree_young", 15 ],
      [ "t_dirtmound", 3 ],
      [ "t_tree", 1 ],
      [ "t_tree_pine", 1 ]
    ],
    "field_coverage": {
      "percent_coverage": 0.9000,
      "default_ter": "t_shrub",
      "other": {
        "t_shrub_blueberry": 0.2500,
        "t_shrub_strawberry": 0.2500,
        "f_mutpoppy": 8.3333,
        "f_bluebell": 8.3333,
        "f_dahlia": 8.3333,
        "f_datura": 4.3333,
        "f_dandelion": 8.3333,
        "f_boulder_small": 1,
        "f_boulder_medium": 0.6666,
        "f_boulder_large": 0.3333
      },
      "boost_chance": 0.833,
      "boosted_percent_coverage": 2.5,
      "boosted_other": {
        "t_shrub_blueberry": 40.0,
        "t_shrub_strawberry": 30.0,
        "f_mutpoppy": 6.6,
        "f_bluebell": 6.6,
        "f_dahlia": 6.6,
        "f_datura": 0.2,
        "f_dandelion": 6.6
      },
      "boosted_other_percent": 50.0
    },
    "map_extras": {
      "field": {
        "chance": 135,
        "extras": {
          "mx_helicopter": 30,
          "mx_military": 15,
          "mx_science": 25,
          "mx_collegekids": 50,
          "mx_drugdeal": 25,
          "mx_supplydrop": 15,
          "mx_portal": 5,
          "mx_minefield": 10,
          "mx_crater": 15,
          "mx_fumarole": 10,
          "mx_portal_in": 1,
          "mx_anomaly": 5
        }
      },
      "road": {
        "chance": 90,
        "extras": {
          "mx_helicopter": 30,
          "mx_military": 15,
          "mx_science": 20,
          "mx_collegekids": 50,
          "mx_roadblock": 80,
          "mx_drugdeal": 20,
          "mx_supplydrop": 15,
          "mx_portal": 5,
          "mx_minefield": 80,
          "mx_crater": 50,
          "mx_fumarole": 15,
          "mx_portal_in": 1,
          "mx_anomaly": 3
        }
      },
      "build": {
        "chance": 50,
        "extras": {
          "mx_military": 5,
          "mx_science": 10,
          "mx_collegekids": 25,
          "mx_drugdeal": 25,
          "mx_supplydrop": 10,
          "mx_portal": 5,
          "mx_minefield": 5,
          "mx_crater": 80,
          "mx_fumarole": 5,
          "mx_portal_in": 2,
          "mx_anomaly": 3
        }
      },
      "subway": {
        "chance": 40,
        "extras": {
          "mx_military": 5,
          "mx_science": 15,
          "mx_collegekids": 15,
          "mx_supplydrop": 10,
          "mx_portal": 10,
          "mx_crater": 15,
          "mx_minefield": 5,
          "mx_fumarole": 25,
          "mx_portal_in": 3,
          "mx_anomaly": 5
        }
      },
      "doom": {
        "chance": 21,
        "extras": {
          "mx_military": 15,
          "mx_science": 25,
          "mx_collegekids": 5,
          "mx_supplydrop": 15,
          "mx_portal": 10,
          "mx_crater": 20,
          "mx_fumarole": 40,
          "mx_portal_in": 10,
          "mx_anomaly": 15
        }
      }
    },
    "num_forests": 250,
    "forest_size_min": 12,
    "forest_size_max": 60,
    "swamp_maxsize": 6,
    "swamp_river_influence": 4,
    "swamp_spread_chance": 2500,
    "city": {
      "type": "town",
      "shop_radius": 80,
      "park_radius": 130,
      "houses": {
        "house_two_story_basement": 25,
        "house": 1250,
        "house_prepper": 30,
        "house_base": 225
      },
      "parks": {
        "park": 4,
        "pool": 1,
        "skate_park": 1,
        "small_wooded_trail": 3,
        "pavilion": 2,
        "cemetery_small": 2
      },
      "shops": {
        "s_gas": 5,
        "s_pharm": 4,
        "s_grocery": 15,
        "s_hardware": 4,
        "s_sports": 4,
        "dojo": 1,
        "gym": 2,
        "gym_fitness": 2,
        "s_liquor": 5,
        "s_gun": 4,
        "s_clothes": 5,
        "s_library": 2,
        "s_bookstore": 3,
        "s_restaurant": 6,
        "sub_station": 5,
        "bank": 3,
        "s_pizza_parlor": 6,
        "bar": 6,
        "s_electronics": 4,
        "pawn": 4,
        "mil_surplus": 2,
        "s_garage": 5,
        "station_radio": 3,
        "office_doctor": 3,
        "s_restaurant_fast": 6,
        "s_restaurant_coffee": 3,
        "s_teashop": 1,
        "bowling_alley": 2,
        "church": 2,
        "office_cubical": 4,
        "furniture": 2,
        "abstorefront": 2,
        "police": 1,
        "fire_station": 1,
        "home_improvement": 3,
        "s_lot": 7,
        "s_arcade": 2,
        "s_jewelry":2,
        "s_antique": 2,
        "s_gardening": 2,
        "museum": 1,
        "s_music": 2,
        "s_laundromat": 3,
        "veterinarian": 2,
        "mortuary": 2,
        "orchard": 1,
        "dispensary": 1,
        "small_office": 5,
        "art_gallery": 1,
        "small_storage_units": 3,
        "construction_site": 4,
        "post_office": 2,
        "candy_shop": 2,
        "bakery": 2,
        "icecream_shop": 2,
        "s_butcher": 2,
        "s_bike_shop": 1,
        "house": 3
      }
    },
    "weather": {
      "base_temperature": 5.0,
      "base_humidity": 58.0,
      "base_pressure": 1025.0,
      "base_acid": 0.0
    }
  }
]